Title,FirstName,LastName,Address,email,PayementInfo
Mr,Francisco,Daughtry,4562 Ruby Street Apt. 3B Portland 4101 United States,Francisco.Daughtry@mypio.com,5544091983335285
Mrs,Umberto,Kowalski,Rue de la Station 39 Apt. 1A Brussels 1080 Belgium,Umberto.Kowalski@mypio.com,373778921565893
Mr,Shriya,Eaton,4809 Benson Park Drive Apt. 1A Dallas 75201 United States,Shriya.Eaton@mypio.com,4336031086611032
Mr,Selena,Deville,1294 Nutter Street Building #2 Prescott 86303 United States,Selena.Deville@mypio.com,379891231656882
Mrs,Kerri,Araya,123 Main Street Apt. 1 New York NY 10001 United States,Kerri.Araya@mypio.com,4956602671342
Mr,Promise,Santini,33 Saint James's Square Suite 1501 London SW1Y 4JS UK,Promise.Santini@mypio.com,4991866653927550
Dr,Hali,Barkshire,2849 Brown Street Apt. 2D Houston 77002 United States,Hali.Barkshire@mypio.com,4540801119473604
Mrs,Farhad,Barefield,60 Bloor Street West Office #304 Toronto M4W 3B8 Canada,Farhad.Barefield@mypio.com,374179321246180
Dr,Timmy,Coffman,3821 Benson Park Drive Apt. 1A Irving 75038 United States,Timmy.Coffman@mypio.com,4524436897778
Mr,Nehemiah,Chu,Wollzeile 4 Lot #4D Vienna 1010 Austria,Nehemiah.Chu@mypio.com,2716980479175393
Dr,Lynetta,Kushner,Via Torino 3 Apt. 3C Milan 20123 Italy,Lynetta.Kushner@mypio.com,2494040978651714
Mrs,Samuel,Camp,410 Florida Street Unit 59 San Francisco 94110 United States,Samuel.Camp@mypio.com,2718857239212817
Mr,Ivonna,Frew,16 Kudamm Karree Floor #9 Berlin 10719 Germany,Ivonna.Frew@mypio.com,4181725843234
Dr,Lorissa,Westhoff,721 5th Avenue Suite 1004 New York 10022 United States,Lorissa.Westhoff@mypio.com,2678937372600739
Mrs,Heena,Nevinson,161 Bay Street Suite 3900 Toronto M5J 2S1 Canada,Heena.Nevinson@mypio.com,378595956372968
Mrs,Nikiya,Vanfleet,Königsallee 60 Apt. 3C Düsseldorf 40212 Germany,Nikiya.Vanfleet@mypio.com,4717850466872135
Dr,Jacquelyn,Echavarria,14 Rue du Temple Apt. 2D Paris 75004 France,Jacquelyn.Echavarria@mypio.com,4651146971229
Dr,Cayleigh,Coil,Wattstraße 11 Apt. 2D Berlin 13355 Germany,Cayleigh.Coil@mypio.com,4072586792405208
Dr,Ly,Farkas,Rúa da Paz 68 Apt. 1A Santiago de Compostela 15702 Spain,Ly.Farkas@mypio.com,2224895271687289
Dr,Brigette,Christ,4987 Washington Avenue Apt. 2B Miami Beach 33139 United States,Brigette.Christ@mypio.com,5483842615456211
Dr,Jeanpaul,Eveland,220 Central Park South Unit 5B New York 10036 United States,Jeanpaul.Eveland@mypio.com,4861044399200467
Mr,Rheannon,Lister,2533 Brooklyn Street Apt. 2D Pittsburgh 15201 United States,Rheannon.Lister@mypio.com,376338294860816
Mrs,Takita,Catlett,2857 Kincaid Street Office #1205 Pompano Beach 33063 United States,Takita.Catlett@mypio.com,4065255551604
Mrs,Leola,Mauk,650 Divisadero Street Shop #7C San Francisco 94117 United States,Leola.Mauk@mypio.com,5372621392936305
Dr,Khyle,Dampier,Rue de Rivoli 6 Apt. 2D Paris 75001 France,Khyle.Dampier@mypio.com,5137493522946741
Dr,Koji,Ekstrom,2615 Cambridge Drive Apt. 3C Washington 20001 United States,Koji.Ekstrom@mypio.com,5117208353224513
Mrs,Keano,Neill,233 Wilshire Boulevard Lot #21 Santa Monica 90401 United States,Keano.Neill@mypio.com,2568659321980372
Mr,Zoran,Mcquade,Praça da Liberdade 450 Apt. 2D Belo Horizonte 30140-130 Brazil,Zoran.Mcquade@mypio.com,2412832532769262
Mr,Jarrett,Panos,Rua Jardim Botânico 674 Apt. 2D Rio de Janeiro 22461-000 Brazil,Jarrett.Panos@mypio.com,4453556776610776
Mrs,Filipe,Clymer,Rue du Faubourg Saint-Antoine 114 Apt. 2D Paris 75012 France,Filipe.Clymer@mypio.com,5359666323747573
Dr,Doua,Robinette,3126 Grey Fox Farm Road Apt. 3C Henderson 42420 United States,Doua.Robinette@mypio.com,4765663017024
Dr,Rajesh,Massingill,Rua do Catete 311 Apt. 3B Rio de Janeiro 22220-001 Brazil,Rajesh.Massingill@mypio.com,5411315278512838
Mrs,Jadarius,Embry,2615 Cambridge Drive Apt. 3C Washington 20001 United States,Jadarius.Embry@mypio.com,5437435998729006
Mrs,Loida,Lawton,16 W 61st St Suite 2E New York 10023 United States,Loida.Lawton@mypio.com,5216596301650268
Dr,Bina,Paterson,7701 Beverly Boulevard Suite 104 Los Angeles 90036 United States,Bina.Paterson@mypio.com,4524282626295437
Mr,Kamri,Herren,Talatpaşa Cd. 52/1 Upper Level Room #3D Istanbul 34367 Turkey,Kamri.Herren@mypio.com,5398478418990201
Mrs,Cherilyn,Higuera,3352 California Street Apt. 3C San Francisco 94108 United States,Cherilyn.Higuera@mypio.com,2555490881806434
Dr,Bernell,Fraire,1504 Ridge Avenue Basement Unit Roxboro 27573 United States,Bernell.Fraire@mypio.com,370251952556159
Dr,Chanse,Blackey,Via di Santa Maria dell'Anima 30 Apt. 2D Rome 186 Italy,Chanse.Blackey@mypio.com,5507119975928233
Mr,Quindon,Cordoba,4802 Hillcrest Lane Apt. 2D Miami Beach 33139 United States,Quindon.Cordoba@mypio.com,5342985445721029
Mrs,Dhruv,Polly,Praça São João Bosco 153 Apt. 2D São Paulo 04036-070 Brazil,Dhruv.Polly@mypio.com,2263179926095336
Mrs,Freda,Constantino,2626 Davis Lane Lot #11C Evart 49631 United States,Freda.Constantino@mypio.com,5473567149664800
Dr,Jontae,Barrington,Rue Saint-Martin 15 Apt. 2D Paris 75004 France,Jontae.Barrington@mypio.com,4750093244720798
Mr,Margulia,Baggs,1311 Long Street Apt. 1A Baltimore 21201 United States,Margulia.Baggs@mypio.com,2720181513645564
Dr,Treshawn,Bolling,1 Ferry Building Suite 50 San Francisco 94111 United States,Treshawn.Bolling@mypio.com,4199498430914
Mr,Ernst,Sankey,2615 Cambridge Drive Apt. 3C Washington 20001 United States,Ernst.Sankey@mypio.com,4461952305912
Mr,Devynn,Suttle,345 Bloor Street East Suite 1001 Toronto M4W 3J6 Canada,Devynn.Suttle@mypio.com,4135294534806970
Mr,Gisele,Weitzel,16 W 61st St Suite 2E New York 10023 United States,Gisele.Weitzel@mypio.com,4588191418292
Mr,Alejandro,Huhn,6227 Sunset Drive Apt. 2C New York 10016 United States,Alejandro.Huhn@mypio.com,4421506724846636
Mrs,Serafin,Gagliardi,153 Avenue des Champs-Élysées Suite 1201 Paris 75008 France,Serafin.Gagliardi@mypio.com,2720205870673081
Mrs,Shella,Bechtold,Unter den Linden 68 Apt. 3C Berlin 10117 Germany,Shella.Bechtold@mypio.com,4661679024950145
Mr,Dezhane,Krieg,4935 Bluff Street Apt. 2C Boulder 80302 United States,Dezhane.Krieg@mypio.com,5118399476899789
Mrs,Zaniyah,Middendorf,1 Ferry Building Suite 50 San Francisco 94111 United States,Zaniyah.Middendorf@mypio.com,5202429247742341
Mr,Jurnee,Maravilla,Rua da Boavista Apartment #702A Porto 4050-103 Portugal,Jurnee.Maravilla@mypio.com,4981682137261113
Mr,Marrio,Buchholz,2056 Thomas Street Apt. 3B Los Angeles 90033 United States,Marrio.Buchholz@mypio.com,4567412929303435
Mr,Tommi,Martino,1371 Country Club Road Apt. 1A Dallas 75201 United States,Tommi.Martino@mypio.com,372251274923849
Dr,Cielo,Leopard,Calle Ciega con Calle Guaicaipuro Apt. 1A Caracas 1060 Venezuela,Cielo.Leopard@mypio.com,4799279490091401
Mr,Christoph,Kincaid,345 Bloor Street East Suite 1001 Toronto M4W 3J6 Canada,Christoph.Kincaid@mypio.com,4604876712690
Mr,Antrone,Locker,3821 Benson Park Drive Apt. 1A Irving 75038 United States,Antrone.Locker@mypio.com,2284939927490112
Mr,Yupheng,Krol,721 5th Avenue Shop #7G New York 10022 United States,Yupheng.Krol@mypio.com,4168483842607
Mr,Terri,Iles,1168 Folsom Street Apartment #502T San Francisco 94103 United States,Terri.Iles@mypio.com,4195614521040096
Mrs,Bodie,Sartain,1075 Bay Street Suite 2J Toronto M5S 2B1 Canada,Bodie.Sartain@mypio.com,5377799390182759
Dr,Devaughn,Mosley,33 Saint James's Square Suite 1501 London SW1Y 4JS UK,Devaughn.Mosley@mypio.com,4067581992278
Mr,Clarisa,Lampkin,2876 Patterson Street Apt. 2B New York 10001 United States,Clarisa.Lampkin@mypio.com,4286402476044106
Mr,Shelita,Mccasland,2-5-5 Marunouchi Office #508 Tokyo 100-7001 Japan,Shelita.Mccasland@mypio.com,4312336651223
Mrs,Cheri,Petrone,Viale Giuseppe Mazzini 2 Apt. 1A Milan 20123 Italy,Cheri.Petrone@mypio.com,2720035882043970
Dr,Marque,Somerville,134 via del Corso Room #305A Rome 186 Italy,Marque.Somerville@mypio.com,4125787635111
Mrs,Kadijah,Shoffner,4987 Washington Avenue Apt. 2B Miami Beach 33139 United States,Kadijah.Shoffner@mypio.com,2720317903651088
Mrs,Niesha,Lorusso,31 Rue des Petits Champs Unit #8C Paris 75001 France,Niesha.Lorusso@mypio.com,5211300287834073
Mr,Zana,Mciver,Rúa da Paz 68 Apt. 1A Santiago de Compostela 15702 Spain,Zana.Mciver@mypio.com,2266172839840093
Mrs,Yasir,Kissinger,7701 Beverly Boulevard Suite 104 Los Angeles 90036 United States,Yasir.Kissinger@mypio.com,5144734561265149
Mr,Khai,Brack,Rue François 1er 4 Apt. 3C Paris 75008 France,Khai.Brack@mypio.com,4159634999553026
Mrs,Reuel,Gerardi,1390 California Street Apt 14 Beverly Hills 90210 United States,Reuel.Gerardi@mypio.com,4301959150204337
Mrs,Shelsey,Kluge,1656 Lena Lane Apt. 2D New York 10007 United States,Shelsey.Kluge@mypio.com,2265956857121926
Mr,Betsabe,Meeks,1168 Folsom Street Apartment #502T San Francisco 94103 United States,Betsabe.Meeks@mypio.com,4409371257089
Dr,Jasiel,Connors,Kurfürstendamm 218 Apt. 1A Berlin 10719 Germany,Jasiel.Connors@mypio.com,345290117044052
Mr,Kee,Marquez,2047 Washington Avenue Apt. 2D Miami Beach 33139 United States,Kee.Marquez@mypio.com,5428415673076189
Mrs,Delani,Embrey,1861 Maryland Avenue Apt. 2D Baltimore 21201 United States,Delani.Embrey@mypio.com,344159059453691
Mr,Montravious,Turnage,161 Bay Street Suite 3900 Toronto M5J 2S1 Canada,Montravious.Turnage@mypio.com,342292389843470
Dr,Tallon,Partlow,2263 Dog Hill Lane Apt. 3C Irving 75038 United States,Tallon.Partlow@mypio.com,4480982691903
Mr,Arion,Wycoff,Keskuskatu 7 Apt. 2D Helsinki 100 Finland,Arion.Wycoff@mypio.com,374302324749525
Mr,Alexcia,Ditto,61 Rue de la Chaussée d'Antin Upper Level Suite #6A Paris 75009 France,Alexcia.Ditto@mypio.com,375266215162512
Mrs,Inocencio,Duren,Lange Gasthuisstraat 25 Apt. 1A Antwerp 2000 Belgium,Inocencio.Duren@mypio.com,4363826938561808
Mr,Maxim,Matus,Paseo de la Castellana 28 Apt. 2D Madrid 28046 Spain,Maxim.Matus@mypio.com,2225404139474414
Mrs,Donya,Wurster,4056 Tecumsah Lane Apt. 1A Washington 20001 United States,Donya.Wurster@mypio.com,2710478167911215
Dr,Shakeria,Mewha,89 Court Street Suite 2A Brooklyn 11201 United States,Shakeria.Mewha@mypio.com,378487765062316
Mrs,Yareni,Hawker,Boulevard de la Villette 41 Apt. 1A Paris 75010 France,Yareni.Hawker@mypio.com,2228239777069179
Mr,Catelyn,Standifer,Calle Calzada Larga 315 Apt. 2D Guadalajara 44110 Mexico,Catelyn.Standifer@mypio.com,340838444297798
Mr,Jereme,Arevalo,1 Ferry Building Suite 50 San Francisco 94111 United States,Jereme.Arevalo@mypio.com,4036165825727351
Mr,Raeanne,Jaynes,22 Murray Street Room #505C New York 10007 United States,Raeanne.Jaynes@mypio.com,2720422551395867
Mrs,Frederic,Beasley,1236 Traction Street Apt. 3C Los Angeles 90033 United States,Frederic.Beasley@mypio.com,373092245751093
Mrs,Melva,Adcock,2056 Thomas Street Apt. 3B Los Angeles 90033 United States,Melva.Adcock@mypio.com,2543759120173775
Dr,Monea,Cervantes,Wattstraße 11 Apt. 2D Berlin 13355 Germany,Monea.Cervantes@mypio.com,2528831644397949
Mrs,Opal,Oconnell,16 Yonge Street Suite 1201 Toronto M5E 2A1 Canada,Opal.Oconnell@mypio.com,4510191100384
Dr,Evon,Vesty,2221 Yonge Street Apt 2253F Toronto M4S 2B4 Canada,Evon.Vesty@mypio.com,2226837221286014
Mr,Kashana,Astudillo,Rua Paul Redfern 48 Apt. 2D Rio de Janeiro 22410-080 Brazil,Kashana.Astudillo@mypio.com,5182064903131912
Dr,Seaver,Hail,4555 Roosevelt Street Apt. 3D San Francisco 94108 United States,Seaver.Hail@mypio.com,4898402148137
Mrs,Karrin,Hoff,Bismarckstr. 10 Basement Office Bonn 53113 Germany,Karrin.Hoff@mypio.com,4854432775902312
Dr,Ervin,Yarnell,24 rue du Faubourg Saint-Honoré Apt 15 Paris 75001 France,Ervin.Yarnell@mypio.com,2469001013183312
Mrs,Dalon,Sandford,4056 Tecumsah Lane Apt. 1A Washington 20001 United States,Dalon.Sandford@mypio.com,4439965768351
Mr,Tabitha,Daelman,4802 Hillcrest Lane Apt. 2D Miami Beach 33139 United States,Tabitha.Daelman@mypio.com,346329173587454
Mr,Nashaun,Burner,4617 Shady Lane Apt. 1A Miami Beach 33139 United States,Nashaun.Burner@mypio.com,5471775430764574
Mrs,Derius,Doran,43-45 Portman Square Suite 1002 London W1H 6HN UK,Derius.Doran@mypio.com,5197641712148745
Mrs,Courtni,Conaway,1075 Bay Street Suite 2J Toronto M5S 2B1 Canada,Courtni.Conaway@mypio.com,4371487259941
Dr,Xochil,Heatly,2981 Brannon Avenue Apt. 1A St. Louis 63101 United States,Xochil.Heatly@mypio.com,4319837314309891
Mr,Shyheem,Beauregard,3427 Benson Park Drive Apt. 1A Miami Beach 33139 United States,Shyheem.Beauregard@mypio.com,5152673928702845
Dr,Carrington,Spates,4773 Nash Street Apt. 1C Hollywood 33020 United States,Carrington.Spates@mypio.com,2273111896184133
Mrs,Destyne,Cave,Rue Saint-Louis en l'Île 32 Apt. 3C Paris 75004 France,Destyne.Cave@mypio.com,4800114637440062
Mr,Nevin,Elsner,Jl. Hayam Wuruk No. 6 Apt. 2D Jakarta 10120 Indonesia,Nevin.Elsner@mypio.com,375788165646781
Mr,Shanyn,Baumler,3171 Hillcrest Lane Apt. 3B Portland 4101 United States,Shanyn.Baumler@mypio.com,5132174519192625
Mrs,Milca,Northcutt,10036 East River Street Upper Level Apartment #7A Salem 97317 United States,Milca.Northcutt@mypio.com,5417611222305707
Mrs,Audel,Benard,31 Rue des Petits Champs Unit #8C Paris 75001 France,Audel.Benard@mypio.com,4297719145996
Mrs,Harutun,Jurado,3352 Railroad Street Unit #10C Charles Town 25414 United States,Harutun.Jurado@mypio.com,4877487377801
Mr,Cassady,Rounds,43-45 Portman Square Shop #7B London W1H 6HN UK,Cassady.Rounds@mypio.com,5178090332094263
Mrs,Shyanna,Cotton,24 rue du Faubourg Saint-Honoré Apt 15 Paris 75001 France,Shyanna.Cotton@mypio.com,4436577533469
Mrs,Maram,Ginsie,3123 Cherry Ridge Drive Apt. 3B Henderson 42420 United States,Maram.Ginsie@mypio.com,4440744269472
Mrs,Faisal,Verret,Rue de la Station 39 Apt. 1A Brussels 1080 Belgium,Faisal.Verret@mypio.com,4281177937105
Mr,Arley,Dao,Jl. Hayam Wuruk No. 127 Apt. 3C Jakarta 11180 Indonesia,Arley.Dao@mypio.com,4118298746867
Dr,Shemar,Francis,410 Florida Street Unit 59 San Francisco 94110 United States,Shemar.Francis@mypio.com,2241864672211727
Mrs,Lamarcus,Mcelyea,22 Murray Street Room #505C New York 10007 United States,Lamarcus.Mcelyea@mypio.com,4810936857421626
Mrs,Tyronda,Quinteros,45 West 54th Street Room #301A New York 10019 United States,Tyronda.Quinteros@mypio.com,348743294512354
Dr,Christella,Mercedes,﻿1073 Elmwood Avenue Apt 202 Philadelphia 19108 United States,Christella.Mercedes@mypio.com,374893473557471
Mrs,Andree,Abernathy,1168 Folsom Street Office #305 San Francisco 94103 United States,Andree.Abernathy@mypio.com,5395901909342957
Mrs,Khristina,Dugas,1348 May Street Apt. 2D Louisville 40202 United States,Khristina.Dugas@mypio.com,374576279188881
Dr,Tila,Rife,4244 Shinn Avenue Apt. 2D Shreveport 71109 United States,Tila.Rife@mypio.com,4771992537345
Mrs,Natesha,Ryals,Via Giosuè Carducci 12 Apt. 3C Milan 20123 Italy,Natesha.Ryals@mypio.com,2720785903099804
Dr,Oyuki,Holifield,Boulevard de la Chapelle 40 Apt. 2D Paris 75018 France,Oyuki.Holifield@mypio.com,4039458948898
Dr,Sherrita,Purcell,1 Ferry Building Suite 50 San Francisco 94111 United States,Sherrita.Purcell@mypio.com,4686634675554
Mrs,Jayshawn,Saeed,Boulevard de la Chapelle 40 Apt. 2D Paris 75018 France,Jayshawn.Saeed@mypio.com,5105125140902679
Mr,Tomisha,Ruch,Rue de la Station 39 Apt. 1A Brussels 1080 Belgium,Tomisha.Ruch@mypio.com,348238322912362
Dr,Adara,Mccrea,3853 Roosevelt Street Apt. 1A San Francisco 94108 United States,Adara.Mccrea@mypio.com,2251978093480389
Mr,Nereida,Craven,2626 Davis Lane Lot #11C Evart 49631 United States,Nereida.Craven@mypio.com,5562333898297813
Mrs,Evamarie,Bedwell,Via di Santa Maria dell'Anima 30 Apt. 2D Rome 186 Italy,Evamarie.Bedwell@mypio.com,2720085945667448
Mrs,Arjun,Land,4056 Tecumsah Lane Apt. 1A Washington 20001 United States,Arjun.Land@mypio.com,2720086696595437
Mrs,George,Starks,1298 Stoney Lonesome Road Building #3 Wildie 40769 United States,George.Starks@mypio.com,4833466297297
Mr,Elnora,Festa,10-12 Great Marlborough St Apt. 3B London W1F 7JD United Kingdom,Elnora.Festa@mypio.com,4943190666046
Mr,Hilda,Bhakta,3491 Monroe Avenue Apt. 2D San Francisco 94108 United States,Hilda.Bhakta@mypio.com,4747884496061162
Mr,Kiran,Dumond,Rue Saint-Martin 15 Apt. 2D Paris 75004 France,Kiran.Dumond@mypio.com,4696563314986
Mrs,Cal,Clausen,Övre HUnited Statesrgatan 3 Apt. 3B Gothenburg 411 22 Sweden,Cal.Clausen@mypio.com,5150555045011131
Mrs,Chrystina,Bechtold,5151 Elm Street Apt. 1 Miami FL 33131 United States,Chrystina.Bechtold@mypio.com,2720131191411476
Dr,Columba,Wichman,2876 Patterson Street Apt. 2B New York 10001 United States,Columba.Wichman@mypio.com,343567480942701
Mr,Zakary,Jankowski,Rue du Fort 60 Apt. 3B Brussels 1060 Belgium,Zakary.Jankowski@mypio.com,2501709028569123
Mr,Jalal,Lozada,4244 Shinn Avenue Apt. 2D Shreveport 71109 United States,Jalal.Lozada@mypio.com,4973776879116
Mr,Lanika,Weaver,2056 Thomas Street Apt. 3B Los Angeles 90033 United States,Lanika.Weaver@mypio.com,4565923121804146
Mrs,Marily,Nordin,721 5th Avenue Suite 1004 New York 10022 United States,Marily.Nordin@mypio.com,5549297237413671
Dr,Lillie,Kurz,48 West Street Building #8 London E18 2PR United Kingdom,Lillie.Kurz@mypio.com,5372788315988478
Dr,Dabid,Seamans,1390 California Street Apt 14 Beverly Hills 90210 United States,Dabid.Seamans@mypio.com,4821890707236605
Mrs,Fawn,Muldrow,3491 Monroe Avenue Apt. 2D San Francisco 94108 United States,Fawn.Muldrow@mypio.com,2720194938517808
Mrs,Emoni,Palermo,1168 Folsom Street Office #305 San Francisco 94103 United States,Emoni.Palermo@mypio.com,5499734195040187
Dr,Melina,Frewer,1 Ferry Building Suite 50 San Francisco 94111 United States,Melina.Frewer@mypio.com,376729049327287
Mrs,Malke,Goble,43-45 Portman Square Shop #7B London W1H 6HN UK,Malke.Goble@mypio.com,4483009765470
Mrs,Tyheem,Sumner,Jl. Hayam Wuruk No. 127 Apt. 3C Jakarta 11180 Indonesia,Tyheem.Sumner@mypio.com,2713740403198719
Mr,Corryn,Lukas,Via Nomentana Room #405A Rome 162 Italy,Corryn.Lukas@mypio.com,341418423598088
Dr,Jacquelyne,Garibay,Rua Guajajaras 581 Apt. 1A Belo Horizonte 30180-100 Brazil,Jacquelyne.Garibay@mypio.com,4151012984801516
Mrs,Kyara,Karp,4935 Bluff Street Apt. 2C Boulder 80302 United States,Kyara.Karp@mypio.com,2720945865790604
Dr,Chelsa,Mascorro,Avinguda del Paraŀlel 164 Shop #5A Barcelona 8015 Spain,Chelsa.Mascorro@mypio.com,4378245040870497
Dr,Alena,Fasano,Elevated Walkway Apt. 3B Manila 1300 Philippines,Alena.Fasano@mypio.com,5350253914854391
Mr,Ajay,Koop,1390 California Street Apt 14 Beverly Hills 90210 United States,Ajay.Koop@mypio.com,371073280108685
Dr,Brevin,Battrum,100 Montgomery Street Suite 1500 San Francisco 94104 United States,Brevin.Battrum@mypio.com,4935312288101533
Mrs,Narissa,Barnett,Wattstraße 11 Apt. 2D Berlin 13355 Germany,Narissa.Barnett@mypio.com,4792976557138491
Dr,Noemi,Toussaint,Via Gregorio VII 80 Apt. 1A Rome 165 Italy,Noemi.Toussaint@mypio.com,5371187096030437
Mr,Gisette,Claar,Via Torino 3 Apt. 3C Milan 20123 Italy,Gisette.Claar@mypio.com,2367298664263350
Dr,Nijah,Carrero,Boulevard de la Chapelle 40 Apt. 2D Paris 75018 France,Nijah.Carrero@mypio.com,4921114513672138
Mrs,Dominic,Grubbs,720 Market Street Suite 1202 San Francisco 94102 United States,Dominic.Grubbs@mypio.com,5294373940627938
Dr,Aydin,Kruger,10 Downing Street Unit 5G London SW1A 2AA UK,Aydin.Kruger@mypio.com,5153649513125442
Mr,Joni,Coxhell,1430 Broadway Floor #8 New York 10018 United States,Joni.Coxhell@mypio.com,2589293941592051
Mr,Donavin,Epp,10-2 Motomachi Room #305B Kobe 650-0022 Japan,Donavin.Epp@mypio.com,4502575170778
Mr,Terica,Hammon,60 Bloor Street West Office #304 Toronto M4W 3B8 Canada,Terica.Hammon@mypio.com,2704151933674736
Mr,Solita,Mctaggart,Rua Antônio Carlos 415 Apt. 2D São Paulo 01309-010 Brazil,Solita.Mctaggart@mypio.com,2720894894022684
Mrs,Reno,Sandlin,601 Dolores Street Level #4 San Francisco 94110 United States,Reno.Sandlin@mypio.com,4766087359090
Mr,Algenis,Lamoureux,Bulevar Revolucije 17 Apt. 3B Belgrade 11000 Serbia,Algenis.Lamoureux@mypio.com,4113553896638366
Mrs,Tyrus,Goforth,Rua João Pessoa 237 Apt. 1A Recife 52011-160 Brazil,Tyrus.Goforth@mypio.com,345758959519618
Mr,Raeford,Obando,16 Carlton House Terrace Office #301 London SW1Y 5AG UK,Raeford.Obando@mypio.com,4722716196043257
Mr,Patric,Dwyer,4085 Henry Ford Avenue Apt. 1D Tampa 33602 United States,Patric.Dwyer@mypio.com,5578605550901198
Mrs,Otilio,Dorr,2047 Washington Avenue Apt. 2D Miami Beach 33139 United States,Otilio.Dorr@mypio.com,4708983163330998
Dr,Gelisa,Hawkins,Viale Giuseppe Mazzini 2 Apt. 1A Milan 20123 Italy,Gelisa.Hawkins@mypio.com,4237843716822
Mrs,Kennetha,Chaffee,22 Murray Street Room #505C New York 10007 United States,Kennetha.Chaffee@mypio.com,4463985029907720
Mr,Rheagan,Kranz,3352 California Street Apt. 3C San Francisco 94108 United States,Rheagan.Kranz@mypio.com,4795977525910706
Mrs,Hallie,Cullins,1294 Nutter Street Building #2 Prescott 86303 United States,Hallie.Cullins@mypio.com,5137596899601817
Mrs,Shauntay,Lepe,10-2 Motomachi Room #305B Kobe 650-0022 Japan,Shauntay.Lepe@mypio.com,4787320536324657
Mrs,Jemal,Weiser,2397 Warner Street Apt. 1A Miami Beach 33139 United States,Jemal.Weiser@mypio.com,2582804494292013
Mr,Wilburn,Rhee,10036 East River Street Upper Level Apartment #7A Salem 97317 United States,Wilburn.Rhee@mypio.com,4114557275199941
Mr,Michaelanthony,Brand-Hardy,Boulevard de la Chapelle 40 Apt. 2D Paris 75018 France,Michaelanthony.Brand-Hardy@mypio.com,379166706951643
Mr,Malcolm,Nagy,Piazza Castello Floor #5 Milan 20121 Italy,Malcolm.Nagy@mypio.com,4510353979517726
Mr,Adalid,Odea,89 Court Street Suite 2A Brooklyn 11201 United States,Adalid.Odea@mypio.com,5187112099944040
Mr,Gianina,Crowley,Viale Giuseppe Mazzini 2 Apt. 1A Milan 20123 Italy,Gianina.Crowley@mypio.com,4739772725194
Dr,Raizel,Ladue,4809 Benson Park Drive Apt. 1A Dallas 75201 United States,Raizel.Ladue@mypio.com,2560182333141030
Mr,Avon,Rueda,Rua Paul Redfern 48 Apt. 2D Rio de Janeiro 22410-080 Brazil,Avon.Rueda@mypio.com,2222698270498559
Mrs,Sidra,Carrillo,3323 Maryland Avenue Apt. 1A Baltimore 21201 United States,Sidra.Carrillo@mypio.com,4312456613986099
Dr,Shabreka,Armijo,Mühlenstraße 23 Apt. 2D Berlin 10243 Germany,Shabreka.Armijo@mypio.com,5473450954293260
Mrs,Rayn,Hart,Largo do Chiado 8 Apt. 1A Lisbon 1200-108 Portugal,Rayn.Hart@mypio.com,2414800121084438
Mr,Flora,Rakestraw,Rua da Boavista Apartment #702A Porto 4050-103 Portugal,Flora.Rakestraw@mypio.com,5145411751807993
Dr,Silvino,Massey,Carrer de Balmes 26 Apt. 1A Barcelona 8007 Spain,Silvino.Massey@mypio.com,4317255943630307
Mr,Shanita,Fincher,1075 Bay Street Suite 2J Toronto M5S 2B1 Canada,Shanita.Fincher@mypio.com,346710963797339
Mrs,Alexis,Jarrell,7701 Beverly Boulevard Suite 104 Los Angeles 90036 United States,Alexis.Jarrell@mypio.com,4074582766456406
Mrs,Roslyn,Eccles,2536 Fleming Street Apt. 1B Miami 33140 United States,Roslyn.Eccles@mypio.com,2241968905160931
Mr,Nikia,Jarrard,4085 Henry Ford Avenue Apt. 1D Tampa 33602 United States,Nikia.Jarrard@mypio.com,4606293731769
Dr,Chrystian,Desanto,3126 Grey Fox Farm Road Apt. 3C Henderson 42420 United States,Chrystian.Desanto@mypio.com,349431863810346
Dr,Zaid,Belsher,4773 Nash Street Apt. 1C Hollywood 33020 United States,Zaid.Belsher@mypio.com,4168705704863656
Mr,Tatyanna,Silverman,3323 Maryland Avenue Apt. 1A Baltimore 21201 United States,Tatyanna.Silverman@mypio.com,5171890796536355
Mr,Ge,Conyers,1055 Wilshire Boulevard Suite 1200 Los Angeles 90017 United States,Ge.Conyers@mypio.com,5246246199588917
Mrs,Kristofer,Faulks,4809 Benson Park Drive Apt. 1A Dallas 75201 United States,Kristofer.Faulks@mypio.com,2239172694357473
Dr,Rodrick,Mariano,3821 Benson Park Drive Apt. 1A Irving 75038 United States,Rodrick.Mariano@mypio.com,5466359627267589
Mr,Mesha,Cowles,2876 Patterson Street Apt. 2B New York 10001 United States,Mesha.Cowles@mypio.com,4128520548615
Mr,Deepak,Overbey,135 Rue du Faubourg Saint-Honoré Apartment #502G Paris 75008 France,Deepak.Overbey@mypio.com,2224584123299688
Mrs,Gustav,Pitcher,1010 Wisconsin Avenue NW Suite 250 Washington 20007 United States,Gustav.Pitcher@mypio.com,5412470266068822
Mrs,Blair,Bremer,Via Palermo 17 Apt. 2D Milan 20121 Italy,Blair.Bremer@mypio.com,5350624423302026
Mrs,Sanjana,Koehler,2876 Patterson Street Apt. 2B New York 10001 United States,Sanjana.Koehler@mypio.com,342287112485541
Mr,Annmarie,Inglis,4242 Arizona Avenue Apt. 2D Miami Beach 33139 United States,Annmarie.Inglis@mypio.com,4635057655665
Dr,Byran,Selby,2981 Brannon Avenue Apt. 1A St. Louis 63101 United States,Byran.Selby@mypio.com,4828477636251970
Mr,Evita,Dorantes,1348 May Street Apt. 2D Louisville 40202 United States,Evita.Dorantes@mypio.com,345353628759778
Mr,Madai,Javier,22 Murray Street Room #505C New York 10007 United States,Madai.Javier@mypio.com,342544206773330
Mr,Jacquan,Leclair,2 Piazza di Spagna Apt 45G Rome 187 Italy,Jacquan.Leclair@mypio.com,373987349432097
Mrs,Rosella,Gee,1406 Hickman Street Apt. 1A Louisville 40202 United States,Rosella.Gee@mypio.com,4023475535919092
Dr,Cynthia,Dawley,2047 Washington Avenue Apt. 2D Miami Beach 33139 United States,Cynthia.Dawley@mypio.com,2254663586986627
Mr,Elsie,Saiz,Kungsportsavenyn 24 Apt. 3C Gothenburg 411 36 Sweden,Elsie.Saiz@mypio.com,4089701483735
Mrs,Sharese,Robson,Rua Paul Redfern 48 Apt. 2D Rio de Janeiro 22410-080 Brazil,Sharese.Robson@mypio.com,4626159578512
Mrs,Francheska,Rigdon,Via Palermo 17 Apt. 2D Milan 20121 Italy,Francheska.Rigdon@mypio.com,2221619009279740
Mr,Ronelle,Quint,Via Nomentana Room #405A Rome 162 Italy,Ronelle.Quint@mypio.com,2299736618197535
Mr,Sharae,Lafontaine,345 Bloor Street East Suite 1001 Toronto M4W 3J6 Canada,Sharae.Lafontaine@mypio.com,5194116724416206
Mrs,Angy,Xie,Avenida Atlântica 4122 Apt. 3B Rio de Janeiro 22070-002 Brazil,Angy.Xie@mypio.com,4463357103009
Mrs,Anfernee,Secor,7701 Beverly Boulevard Suite 104 Los Angeles 90036 United States,Anfernee.Secor@mypio.com,5567685309230932
Mr,Mickayla,Yohn,1075 Bay Street Suite 2F Toronto M5S 2B1 Canada,Mickayla.Yohn@mypio.com,4184861109530
Mr,Evann,Arnison,1101 Medical Center Drive Apt. 1A Houston 77002 United States,Evann.Arnison@mypio.com,4717370260287981
Mr,Lindi,Innis,Rua João Pessoa 237 Apt. 1A Recife 52011-160 Brazil,Lindi.Innis@mypio.com,2720032100523884
Mr,Quran,Peery,10-12 Great Marlborough St Apt. 3B London W1F 7JD United Kingdom,Quran.Peery@mypio.com,5428937465918919
Mr,Terrion,Phares,Via Nomentana Room #405A Rome 162 Italy,Terrion.Phares@mypio.com,375482868794079
Mr,Sherrie,Salguero,77 North Washington Street Apartment #502Q Boston 2114 United States,Sherrie.Salguero@mypio.com,5575728506662615
Mrs,Rondarius,Prentiss,Via Palermo 17 Apt. 2D Milan 20121 Italy,Rondarius.Prentiss@mypio.com,4593212225402
Mr,Benjiman,Cornell,1168 Folsom Street Office #305 San Francisco 94103 United States,Benjiman.Cornell@mypio.com,377593664815169
Mrs,Tawny,Morrissey,1 Buckingham Palace Road Suite 105 London SW1W 0RH UK,Tawny.Morrissey@mypio.com,4665404065266560
Mrs,Tung,Fuentes,2536 Fleming Street Apt. 1B Miami 33140 United States,Tung.Fuentes@mypio.com,5587246586111416
Mr,Ireon,Lines,650 Divisadero Street Shop #7C San Francisco 94117 United States,Ireon.Lines@mypio.com,4177908280726019
Dr,Christoper,Lark,Jl. Sudirman Kav. 52-53 Apt. 3B Jakarta 12190 Indonesia,Christoper.Lark@mypio.com,4000196999118
Mr,Sejal,Mcclintock,650 Divisadero Street Shop #7C San Francisco 94117 United States,Sejal.Mcclintock@mypio.com,4582595018120249
Dr,Korissa,Halley,89 Court Street Suite 2A Brooklyn 11201 United States,Korissa.Halley@mypio.com,372423756598921
Dr,Andrez,Granata,Königstraße 21 Apt. 1A Düsseldorf 40212 Germany,Andrez.Granata@mypio.com,373351471505842
Mr,Tinisha,Recinos,2056 Thomas Street Apt. 3B Los Angeles 90033 United States,Tinisha.Recinos@mypio.com,5249698697410102
Mr,Sameera,Trinh,Bismarckstr. 10 Basement Office Bonn 53113 Germany,Sameera.Trinh@mypio.com,2283399467582394
Mrs,Cheyann,Wiese,1732 Poplar Street Apt. 2B New York 10001 United States,Cheyann.Wiese@mypio.com,2699787268036061
Mr,Alwin,Tomas,Klosterstrasse 68 Apt. 1A Berlin 10179 Germany,Alwin.Tomas@mypio.com,340871944081397
Mrs,Desiderio,Beale,15 Via Paolo Sarpi Building #6 Milan 20154 Italy,Desiderio.Beale@mypio.com,2720429600158253
Dr,Tameisha,Erb,Boulevard Léopold III 131 Apt. 1A Brussels 1020 Belgium,Tameisha.Erb@mypio.com,2238016162853019
Mr,Chanah,Markiewicz,Unter den Linden 68 Apt. 3C Berlin 10117 Germany,Chanah.Markiewicz@mypio.com,348749925241971
Mrs,Marcellus,Nee,1 Buckingham Palace Road Suite 105 London SW1W 0RH UK,Marcellus.Nee@mypio.com,4196982120864378
Mrs,Aakash,Leigh,220 Central Park South Unit 5B New York 10036 United States,Aakash.Leigh@mypio.com,347392604223747
Mrs,Kenson,Deltoro,4242 Arizona Avenue Apt. 2D Miami Beach 33139 United States,Kenson.Deltoro@mypio.com,4053641728919
Mrs,Brytni,Savidge,43-45 Portman Square Shop #7B London W1H 6HN UK,Brytni.Savidge@mypio.com,2717467272303184
Dr,Sophal,Cerna,1888 Glenwood Avenue Floor #7 Cocoa 32922 United States,Sophal.Cerna@mypio.com,4919842737590
Mr,Tosh,Rank,4773 Nash Street Apt. 1C Hollywood 33020 United States,Tosh.Rank@mypio.com,5143510432002893
Mrs,Anay,Tudor,2533 Brooklyn Street Apt. 2D Pittsburgh 15201 United States,Anay.Tudor@mypio.com,4349896852102531
Mrs,Cayce,Tidd,3323 Maryland Avenue Apt. 1A Baltimore 21201 United States,Cayce.Tidd@mypio.com,372184548591656
Dr,Jerrid,Hilliker,Calle 82 #12-34 Apt. 3B Bogotá 110221 Colombia,Jerrid.Hilliker@mypio.com,4501097773431199
Mr,Sylvester,Cashion,2425 Clay Street Apt. 2D Oakland 94612 United States,Sylvester.Cashion@mypio.com,5440628465520667
Mrs,Nazaret,Hansen,Boulevard de la Villette 41 Apt. 1A Paris 75010 France,Nazaret.Hansen@mypio.com,4894502305451301
Mrs,Stevenson,Arriola,2 Piazza di Spagna Basement Suite #3 Rome 187 Italy,Stevenson.Arriola@mypio.com,4982886538220
Mr,Gilberto,Ogletree,100 Montgomery Street Suite 1500 San Francisco 94104 United States,Gilberto.Ogletree@mypio.com,4466226473805575
Mr,Kolton,Bircher,Keskuskatu 7 Apt. 2D Helsinki 100 Finland,Kolton.Bircher@mypio.com,4104534988637
Mrs,Nicoleanne,Mcneill,Rue Saint-Sulpice 1 Apt. 3C Brussels 1000 Belgium,Nicoleanne.Mcneill@mypio.com,5244856722823044
Mr,Yasir,Harbison,5 Place Vendôme Lot #20 Paris 75001 France,Yasir.Harbison@mypio.com,2225655969076863
Mr,Jacori,Dimarco,33 Saint James's Square Suite 1501 London SW1Y 4JS UK,Jacori.Dimarco@mypio.com,5282403287489432
Mrs,Leonardo,Mercado,45 West 54th Street Room #301A New York 10019 United States,Leonardo.Mercado@mypio.com,4032894137274
Mrs,Callie,Demeza,Calle 82 #12-34 Apt. 3B Bogotá 110221 Colombia,Callie.Demeza@mypio.com,5218975975650360
Dr,Raynesha,Heinlein,1843 Long Street Apt. 1A Baltimore 21201 United States,Raynesha.Heinlein@mypio.com,4714924450540633
Mrs,Manvir,Ratzlaff,1264 Jett Lane Lot #9A Milledgeville 31061 United States,Manvir.Ratzlaff@mypio.com,2704144644154268
Mr,Jahaira,Denison,77 North Washington Street Apartment #502Q Boston 2114 United States,Jahaira.Denison@mypio.com,340782189032975
Mr,Nitza,Gall,4056 Tecumsah Lane Apt. 1A Washington 20001 United States,Nitza.Gall@mypio.com,2593419695556117
Mr,Tesla,Hover,1 Ferry Building Suite 50 San Francisco 94111 United States,Tesla.Hover@mypio.com,5191138407273051
Mr,Reuven,Bostrom,111 Rue du Faubourg Saint-Honoré Shop #12B Paris 75008 France,Reuven.Bostrom@mypio.com,4807868742341788
Mr,Garcia,Grafton,Via di Santa Maria dell'Anima 30 Apt. 2D Rome 186 Italy,Garcia.Grafton@mypio.com,4908007299193974
Mr,Mizael,Kingery,10 Downing Street Unit 5G London SW1A 2AA UK,Mizael.Kingery@mypio.com,4460709418547
Mrs,Kalyssa,Glantz,3272 North Bend River Road Apt. 1A Chicago 60601 United States,Kalyssa.Glantz@mypio.com,5262971295098629
Mrs,Pascual,Korth,1168 Folsom Street Office #305 San Francisco 94103 United States,Pascual.Korth@mypio.com,4487034274075961
Mrs,Gyasi,Borman,Rua Guajajaras 581 Apt. 1A Belo Horizonte 30180-100 Brazil,Gyasi.Borman@mypio.com,4170618711120
Dr,Yakov,Lacasse,29 rue de Lille Suite 51 Paris 75007 France,Yakov.Lacasse@mypio.com,378795790708549
Mr,Despina,Sharp,1075 Bay Street Suite 2F Toronto M5S 2B1 Canada,Despina.Sharp@mypio.com,2720616011453199
Mr,Daina,Hepp,4056 Tecumsah Lane Apt. 1A Washington 20001 United States,Daina.Hepp@mypio.com,4033614554925082
Dr,Penina,Boring,1732 Poplar Street Apt. 2B New York 10001 United States,Penina.Boring@mypio.com,2705354094099560
Mr,Cort,Mckernan,Via di Santa Maria dell'Anima 30 Apt. 2D Rome 186 Italy,Cort.Mckernan@mypio.com,4476877611903186
Mrs,Melony,Fitzsimmons,Rue du Faubourg Saint-Antoine 114 Apt. 2D Paris 75012 France,Melony.Fitzsimmons@mypio.com,4799841426800785
Mr,Pascual,Hague,Via Torino 3 Apt. 3C Milan 20123 Italy,Pascual.Hague@mypio.com,2720663055622389
Mrs,Lyndsay,Herrmann,Via Luigi Alamanni 27 Apt. 1A Florence 50123 Italy,Lyndsay.Herrmann@mypio.com,4343492669074430
Mr,Sera,Stetler,1656 Lena Lane Apt. 2D New York 10007 United States,Sera.Stetler@mypio.com,343964892639968
Mr,Khaliah,Taub,Lange Gasthuisstraat 25 Apt. 1A Antwerp 2000 Belgium,Khaliah.Taub@mypio.com,348630825372947
Mr,Anjanette,Pineda,4935 Bluff Street Apt. 2C Boulder 80302 United States,Anjanette.Pineda@mypio.com,5564035913977543
Mr,Alden,Verdy,Rua de São Bento 212 Apt. 2D Porto 1200-821 Portugal,Alden.Verdy@mypio.com,379624406512379
Mrs,Ikea,Suter,29 rue de Lille Suite 51 Paris 75007 France,Ikea.Suter@mypio.com,4349204159440
Dr,Breeana,Ney,16 Yonge Street Suite 1201 Toronto M5E 2A1 Canada,Breeana.Ney@mypio.com,4888049918256065
Mrs,Brennon,Haydon,4809 Benson Park Drive Apt. 1A Dallas 75201 United States,Brennon.Haydon@mypio.com,346054693028514
Mr,Elbert,Geib,2981 Brannon Avenue Apt. 1A St. Louis 63101 United States,Elbert.Geib@mypio.com,372052747251496
Mrs,Deanne,Leclaire,3081 Hanifan Lane Room #202D Hadley 12828 United States,Deanne.Leclaire@mypio.com,5542764736924201
Mrs,Jeanclaude,Coxhell,410 Florida Street Unit 59 San Francisco 94110 United States,Jeanclaude.Coxhell@mypio.com,2704981132627476
Mrs,Lilith,Birdwell,4554 Cemetery Road Apt. 3B Hollywood 33020 United States,Lilith.Birdwell@mypio.com,4808165194904626
Mr,Lora,Huse,16 Kudamm Karree Floor #9 Berlin 10719 Germany,Lora.Huse@mypio.com,371533815785129
Dr,Katheryne,Dowd,3352 Railroad Street Unit #10C Charles Town 25414 United States,Katheryne.Dowd@mypio.com,2436012843882081
Mr,Gracyn,Manuel,Övre HUnited Statesrgatan 3 Apt. 3B Gothenburg 411 22 Sweden,Gracyn.Manuel@mypio.com,2720841762682827
Mr,Armond,Beers,2263 Dog Hill Lane Apt. 3C Irving 75038 United States,Armond.Beers@mypio.com,371002615399550
Mr,Esteban,Leclair,1073 Elmwood Avenue Apt 202 Philadelphia 19108 United States,Esteban.Leclair@mypio.com,4522919333618
Mr,Talina,Calabrese,721 5th Avenue Shop #7G New York 10022 United States,Talina.Calabrese@mypio.com,4077033744237
Mrs,Meagen,Mcbrayer,1264 Jett Lane Lot #9A Milledgeville 31061 United States,Meagen.Mcbrayer@mypio.com,2720081323501875
Dr,Indra,Fiorentino,Plac Unii Lubelskiej 1 Lot #6A Lublin 20-016 Poland,Indra.Fiorentino@mypio.com,373475040166915
Mrs,Annelise,Heaps,60 Bloor Street West Office #304 Toronto M4W 3B8 Canada,Annelise.Heaps@mypio.com,2224908540247713
Mr,Thi,Billison,3001 Pacific Avenue Shop #4 San Francisco 94115 United States,Thi.Billison@mypio.com,4258566519837
Mr,Walid,Haffner,31 Rue des Petits Champs Unit #8C Paris 75001 France,Walid.Haffner@mypio.com,343855144017091
Mrs,Shena,Mares,4736 Eagle Street Unit #8B Alpena 49707 United States,Shena.Mares@mypio.com,374628059170045
Mrs,Artavious,Mulder,Viale Sabotino 19 Apt. 2D Milan 20135 Italy,Artavious.Mulder@mypio.com,4131199477009703
Mr,Ronique,Martell,Rua Antônio de Albuquerque 474 Apt. 1A Belo Horizonte 30112-010 Brazil,Ronique.Martell@mypio.com,4067581335428
Mrs,Kimbra,Maravilla,Carrer de la Llibertat 47 Apt. 1A Barcelona 8012 Spain,Kimbra.Maravilla@mypio.com,2720224399045095
Mr,Marshall,Coelho,720 Market Street Suite 1202 San Francisco 94102 United States,Marshall.Coelho@mypio.com,4991052362889495
Dr,La,Goulding,555 Pennsylvania Avenue NW Basement Suite #4 Washington 20001 United States,La.Goulding@mypio.com,4846593402380
Dr,Ariadna,Makowski,14 Rue du Temple Apt. 2D Paris 75004 France,Ariadna.Makowski@mypio.com,4913960009995
Mr,Cielita,Cagle,4935 Bluff Street Apt. 2C Boulder 80302 United States,Cielita.Cagle@mypio.com,371185310724373
Mrs,Dann,Brittingham,16 Kudamm Karree Floor #9 Berlin 10719 Germany,Dann.Brittingham@mypio.com,4801293794824
Mr,Analise,Hannah,1055 Wilshire Boulevard Suite 1200 Los Angeles 90017 United States,Analise.Hannah@mypio.com,5133813571603900
Mr,Kristal,Lape,153 Avenue des Champs-Élysées Suite 1201 Paris 75008 France,Kristal.Lape@mypio.com,346001363087179
Mr,Nautika,Milton,2425 Clay Street Apt. 2D Oakland 94612 United States,Nautika.Milton@mypio.com,5385544598945991
Dr,Aaliya,Wentz,Avenida Presidente Masaryk 61 Apt. 3B Mexico City 11560 Mexico,Aaliya.Wentz@mypio.com,5299677225367926
Mrs,Kaheem,Munos,Boulevard de la Chapelle 40 Apt. 2D Paris 75018 France,Kaheem.Munos@mypio.com,2714841815727556
Mrs,Ngozi,Demers,720 Market Street Suite 1202 San Francisco 94102 United States,Ngozi.Demers@mypio.com,4393246366351
Mrs,Duquan,Carillo,1 Ferry Building Suite 50 San Francisco 94111 United States,Duquan.Carillo@mypio.com,5393750055836809
Mrs,Neel,Creighton,161 Bay Street Suite 3900 Toronto M5J 2S1 Canada,Neel.Creighton@mypio.com,2707433165623762
Dr,Rawan,Dolin,1 Buckingham Palace Road Suite 105 London SW1W 0RH UK,Rawan.Dolin@mypio.com,4647323319818
Mrs,Chenique,Batres,3312 Redwood Lane Apt. 1A Miami Beach 33139 United States,Chenique.Batres@mypio.com,379887743050898
Mr,Paradise,Guss,16 Kudamm Karree Floor #9 Berlin 10719 Germany,Paradise.Guss@mypio.com,4655283061053
Mr,Biridiana,Meadows,3268 Polk Street Apt. 2D St. Louis 63101 United States,Biridiana.Meadows@mypio.com,4288826686810044
Mr,Shanesha,Ginsberg,1732 Poplar Street Apt. 2B New York 10001 United States,Shanesha.Ginsberg@mypio.com,4275752877740796
Mrs,Jasha,Bothen,134 via del Corso Suite 1202 Rome 186 Italy,Jasha.Bothen@mypio.com,2464135757170966
Mr,Shakema,Bailon,Plac Unii Lubelskiej 1 Lot #6A Lublin 20-016 Poland,Shakema.Bailon@mypio.com,5163366274047594
Dr,Rosann,Younker,Calle 49 No. 15-27 Apt. 2D Bogotá 110231 Colombia,Rosann.Younker@mypio.com,374728220049115
Mr,Constantino,Arnone,Ul. Grivtsova 7A Apt. 3C Kiev 3142 Ukraine,Constantino.Arnone@mypio.com,5458201580912746
Mrs,Traquan,Maple,Rue de la Colline 23 Basement Suite #2 Brussels 1000 Belgium,Traquan.Maple@mypio.com,5271392816598939
Mrs,Tahesha,Healey,15 Via Paolo Sarpi Building #6 Milan 20154 Italy,Tahesha.Healey@mypio.com,4942924816684831
Mr,Emelia,Underwood,1504 Ridge Avenue Basement Unit Roxboro 27573 United States,Emelia.Underwood@mypio.com,4904236956387
Mrs,Kyarra,Rubalcaba,24 rue du Faubourg Saint-Honoré Apt 15 Paris 75001 France,Kyarra.Rubalcaba@mypio.com,4566761412021
Mr,Ryley,Brandes,60 Bloor Street West Office #304 Toronto M4W 3B8 Canada,Ryley.Brandes@mypio.com,5336041344041823
Mr,Duong,West,3268 Polk Street Apt. 2D St. Louis 63101 United States,Duong.West@mypio.com,4288653229146937
Dr,Kaelah,Benz,Keskuskatu 7 Apt. 2D Helsinki 100 Finland,Kaelah.Benz@mypio.com,378365469990519
Mrs,Taylor,Driskill,2622 Dog Hill Lane Apt. 2D Irving 75038 United States,Taylor.Driskill@mypio.com,4377922501914
Mrs,Jessamyn,Caswell,Jl. Sudirman Kav. 52-53 Apt. 3B Jakarta 12190 Indonesia,Jessamyn.Caswell@mypio.com,4952446871272987
Dr,Ger,Woodworth,4722 Washington Avenue Shop #7A Lexington 40505 United States,Ger.Woodworth@mypio.com,343712197356446
Mr,Jeanett,Matheson,Praça São João Bosco 153 Apt. 2D São Paulo 04036-070 Brazil,Jeanett.Matheson@mypio.com,4858496920818
Mr,Alyse,Geisler,3268 Polk Street Apt. 2D St. Louis 63101 United States,Alyse.Geisler@mypio.com,4318243051677
Dr,Casimir,Vaughan,Rua Antônio Carlos 415 Apt. 2D São Paulo 01309-010 Brazil,Casimir.Vaughan@mypio.com,2229699127438670
Mrs,Constantine,Oates,134 via del Corso Suite 1202 Rome 186 Italy,Constantine.Oates@mypio.com,5328322266609035
Mrs,Roxana,Mock,721 5th Avenue Suite 1004 New York 10022 United States,Roxana.Mock@mypio.com,4071625620584096
Dr,Theressa,Bellamy,3272 North Bend River Road Apt. 1A Chicago 60601 United States,Theressa.Bellamy@mypio.com,2278455984936787
Mrs,Alley,Trang,Keskuskatu 7 Apt. 2D Helsinki 100 Finland,Alley.Trang@mypio.com,373384410984170
Mr,Daniella,Demery,6227 Sunset Drive Apt. 2C New York 10016 United States,Daniella.Demery@mypio.com,4338505219305069
Mr,Billy,Stuck,3272 North Bend River Road Apt. 1A Chicago 60601 United States,Billy.Stuck@mypio.com,2227858492047309
Mrs,Montavius,Niles,Lützner Straße 68 Suite #1001 Leipzig 4177 Germany,Montavius.Niles@mypio.com,349775320118031
Mr,Davontae,Tillotson,16 Carlton House Terrace Apartment #502A London SW1Y 5AG UK,Davontae.Tillotson@mypio.com,2224526332253654
Mrs,Delany,Perkins,3123 Cherry Ridge Drive Apt. 3B Henderson 42420 United States,Delany.Perkins@mypio.com,4367213971476
Mrs,Ebelina,Westlake,Carrer de la Llibertat 47 Apt. 1A Barcelona 8012 Spain,Ebelina.Westlake@mypio.com,5440604827931375
Mr,Rashaud,Stroh,161 Bay Street Suite 3900 Toronto M5J 2S1 Canada,Rashaud.Stroh@mypio.com,5106080474555324
Mr,Zak,Flanne,3023 Brookview Drive Apt. 2D Philadelphia 19107 United States,Zak.Flanne@mypio.com,4625578384444
Mrs,Keirsten,Strader,4773 Nash Street Apt. 1C Hollywood 33020 United States,Keirsten.Strader@mypio.com,378215878094835
Mr,Hipolito,Feeley,2221 Yonge Street Apt 2253F Toronto M4S 2B4 Canada,Hipolito.Feeley@mypio.com,2273111965433047
Mr,Ione,Buras,61 Rue de la Chaussée d'Antin Shop #3 Paris 75009 France,Ione.Buras@mypio.com,2255991139916648
Mr,Kamaile,Golding,Via Giosuè Carducci 12 Apt. 3C Milan 20123 Italy,Kamaile.Golding@mypio.com,5566321115434573
Mrs,Corinthia,Mcneil,2397 Warner Street Apt. 1A Miami Beach 33139 United States,Corinthia.Mcneil@mypio.com,4443301077479678
Mrs,Marcy,Delong,Bulevar Revolucije 17 Apt. 3B Belgrade 11000 Serbia,Marcy.Delong@mypio.com,4182527432703
Mr,Melquan,McDowell,33 Saint James's Square Suite 1501 London SW1Y 4JS UK,Melquan.McDowell@mypio.com,5333615666300985
Mrs,Dannah,Sprague,2403 Raccoon Run Upper Level Room #2B Fort Collins 80525 United States,Dannah.Sprague@mypio.com,347602238044452
Mrs,Melia,Olds,Talatpaşa Cd. 52/1 Upper Level Room #3D Istanbul 34367 Turkey,Melia.Olds@mypio.com,2239474974786178
Mrs,Dannielle,Dearing,43-45 Portman Square Suite 1002 London W1H 6HN UK,Dannielle.Dearing@mypio.com,346604978067018
Mrs,Vang,Banfield,45 West 54th Street Room #301A New York 10019 United States,Vang.Banfield@mypio.com,2274328337226446
Mrs,Rita,Rivard,77 North Washington Street Office #302 Boston 2114 United States,Rita.Rivard@mypio.com,5516572262533107
Mr,Angelyn,Santucci,Via Gregorio VII 80 Apt. 1A Rome 165 Italy,Angelyn.Santucci@mypio.com,2288324603969420
Mrs,Kaprice,Tinajero,Calle 49 No. 15-27 Apt. 2D Bogotá 110231 Colombia,Kaprice.Tinajero@mypio.com,4446413559214
Dr,Amish,Gallaway,6512 West Dry Creek Road Basement Room Healdsburg 95448 United States,Amish.Gallaway@mypio.com,2230434216759271
Mr,Griffin,Outlaw,43-45 Portman Square Suite 1002 London W1H 6HN UK,Griffin.Outlaw@mypio.com,2720178413127011
Mr,Mirta,Pullins,721 5th Avenue Suite 1004 New York 10022 United States,Mirta.Pullins@mypio.com,4660451809266
Mrs,Sharina,Skowronski,1010 Wisconsin Avenue NW Suite 250 Washington 20007 United States,Sharina.Skowronski@mypio.com,2228312884966503
Mrs,Clementina,Nowak,1653 Medical Center Drive Apt. 1A Washington 20001 United States,Clementina.Nowak@mypio.com,5160018406261322
Mr,Felix,Marty,Jl. Pemuda No. 60 Apt. 3C Surabaya 60271 Indonesia,Felix.Marty@mypio.com,4284140105040799
Mrs,Waverly,Daub,4554 Cemetery Road Apt. 3B Hollywood 33020 United States,Waverly.Daub@mypio.com,373400498829294
Mrs,Chelci,Callaghan,3268 Polk Street Apt. 2D St. Louis 63101 United States,Chelci.Callaghan@mypio.com,2286202785605427
Mrs,Zharia,Conforti,Glyptoteket 5 Apt. 3C Copenhagen 1577 Denmark,Zharia.Conforti@mypio.com,4694849579343794
Dr,Jenalyn,Farren,4091 Oakwood Circle Apt. 2D New York 10007 United States,Jenalyn.Farren@mypio.com,2279221684736093
Dr,Janette,Hudgens,4848 Stone Lane Floor #12 Huntingdon 16652 United States,Janette.Hudgens@mypio.com,4488106682606081
Mrs,Breaunna,Meza,Via Torino 3 Apt. 3C Milan 20123 Italy,Breaunna.Meza@mypio.com,5287571366237594
Mr,Meuy,Meng,2-5-5 Marunouchi Office #508 Tokyo 100-7001 Japan,Meuy.Meng@mypio.com,2224653279999488
Mr,Estevan,Braley,1449 Farm Meadow Drive Apt. 2D Irving 75038 United States,Estevan.Braley@mypio.com,5119413550962460
Mr,Marlana,Mckinzie,1010 Wisconsin Avenue NW Suite 250 Washington 20007 United States,Marlana.Mckinzie@mypio.com,2288102415925175
Mr,Mykal,Karn,3427 Benson Park Drive Apt. 1A Miami Beach 33139 United States,Mykal.Karn@mypio.com,348161116732605
Dr,Naeem,Mcconnell,89 Court Street Suite 2A Brooklyn 11201 United States,Naeem.Mcconnell@mypio.com,376985432314147
Mrs,Markevious,Spina,Wattstraße 11 Apt. 2D Berlin 13355 Germany,Markevious.Spina@mypio.com,4456497051118315
Mrs,Calysta,Means,Calle Ciega con Calle Guaicaipuro Apt. 1A Caracas 1060 Venezuela,Calysta.Means@mypio.com,4379056756274832
Mr,Keshia,Gulledge,1311 Long Street Apt. 1A Baltimore 21201 United States,Keshia.Gulledge@mypio.com,2720155612405443
Mr,Ahuva,Wortham,Paseo de la Castellana 28 Apt. 2D Madrid 28046 Spain,Ahuva.Wortham@mypio.com,5558344815477144
Mr,Payson,Raygoza,1656 Lena Lane Apt. 2D New York 10007 United States,Payson.Raygoza@mypio.com,376290441238524
Mr,Rush,Stern,1726 Highland Drive Apt. 2D New York 10012 United States,Rush.Stern@mypio.com,2712436296352010
Mrs,Dezmon,Bobo,3123 Cherry Ridge Drive Apt. 3B Henderson 42420 United States,Dezmon.Bobo@mypio.com,4285004534290
Mr,Charlena,Miracle,Rua João Pessoa 237 Apt. 1A Recife 52011-160 Brazil,Charlena.Miracle@mypio.com,349785530493181
Mr,Vianey,Arora,1168 Folsom Street Apartment #502T San Francisco 94103 United States,Vianey.Arora@mypio.com,4767346231718
Mr,Yohanna,Renz,1975 Dog Hill Lane Apt. 3B Irving 75038 United States,Yohanna.Renz@mypio.com,4464537940009
Mr,Alysha,Osorio,2622 Dog Hill Lane Apt. 2D Irving 75038 United States,Alysha.Osorio@mypio.com,4416404015442576
Mr,Mirian,Zellmer,22 Murray Street Room #505C New York 10007 United States,Mirian.Zellmer@mypio.com,4325537921690870
Dr,Jhovani,Mewe,Bismarckstr. 10 Basement Office Bonn 53113 Germany,Jhovani.Mewe@mypio.com,370039766246981
Mr,Rudolf,Twigg,1406 Hickman Street Apt. 1A Louisville 40202 United States,Rudolf.Twigg@mypio.com,374824548051973
Dr,Ellena,Latimer,1168 Folsom Street Apartment #502T San Francisco 94103 United States,Ellena.Latimer@mypio.com,4852817692968898
Mrs,Jonny,Gilstrap,14 Rue du Temple Apt. 2D Paris 75004 France,Jonny.Gilstrap@mypio.com,2719714948811711
Dr,Cary,Lease,233 Wilshire Boulevard Lot #21 Santa Monica 90401 United States,Cary.Lease@mypio.com,4406148026068
Mrs,Janielle,Mccray,201 Folsom Street Apt 22B San Francisco 94105 United States,Janielle.Mccray@mypio.com,4429265487845337
Mrs,Melonie,Koval,Jl. Sudirman Kav. 52-53 Apt. 3B Jakarta 12190 Indonesia,Melonie.Koval@mypio.com,4043990180654
Mrs,Margot,Crocker,1168 Folsom Street Apartment #502T San Francisco 94103 United States,Margot.Crocker@mypio.com,4211944912307
Mrs,Lanea,Hooker,Jalan P. Ramlee Building #4 Kuala Lumpur 50250 Malaysia,Lanea.Hooker@mypio.com,4247255155610614
Dr,Domingue,Yau,Rue du Faubourg Saint-Antoine 114 Apt. 2D Paris 75012 France,Domingue.Yau@mypio.com,347927727387696
Mrs,Yahayra,Pastrana,Elevated Walkway Apt. 3B Manila 1300 Philippines,Yahayra.Pastrana@mypio.com,4269172815889998
Mr,Americo,Carlile,1073 Elmwood Avenue Apt 202 Philadelphia 19108 United States,Americo.Carlile@mypio.com,4430822423902
Dr,Alayah,Sumrall,1726 Highland Drive Apt. 2D New York 10012 United States,Alayah.Sumrall@mypio.com,342205904993870
Mrs,Loree,Heyward,650 Divisadero Street Suite 1003 San Francisco 94117 United States,Loree.Heyward@mypio.com,4133182599778
Dr,Shardae,Wu,1168 Folsom Street Apartment #502T San Francisco 94103 United States,Shardae.Wu@mypio.com,5421148329715606
Mrs,Berit,Poche,Wollzeile 4 Lot #4D Vienna 1010 Austria,Berit.Poche@mypio.com,349175639417770
Mrs,Benita,Quan,7701 Beverly Boulevard Suite 104 Los Angeles 90036 United States,Benita.Quan@mypio.com,4204303327717983
Mr,Mihran,Simeon,2848 Ridgeview Drive Apt. 3B Dallas 75201 United States,Mihran.Simeon@mypio.com,2720389200616541
Mrs,Haile,Knevet,410 Florida Street Shop #7B San Francisco 94110 United States,Haile.Knevet@mypio.com,345671847900003
Mrs,Aja,Rany,Praça da Liberdade 450 Apt. 2D Belo Horizonte 30140-130 Brazil,Aja.Rany@mypio.com,2717921689133790
Mr,Chantale,Slocum,Unter den Linden 68 Apt. 3C Berlin 10117 Germany,Chantale.Slocum@mypio.com,2417260926262546
Dr,Leisha,Zaremba,Rua de São Bento 212 Apt. 2D Porto 1200-821 Portugal,Leisha.Zaremba@mypio.com,4865994912877426
Mr,Lorien,Chiles,1504 Ridge Avenue Basement Unit Roxboro 27573 United States,Lorien.Chiles@mypio.com,4780841598686448
Mr,Serene,Labrie,3182 Benson Park Drive Apt. 3B Houston 77002 United States,Serene.Labrie@mypio.com,346363396463288
Dr,Aminata,Blankenship,2702 Farland Street Apt. 1A New York 10007 United States,Aminata.Blankenship@mypio.com,2276719583480996
Mrs,Dhruv,Kerner,10 Downing Street Unit 5G London SW1A 2AA UK,Dhruv.Kerner@mypio.com,5258437691203978
Dr,Jonisha,Point,1504 Raccoon Run Apt. 3B Grand Island 68803 United States,Jonisha.Point@mypio.com,5576458802138056
Mrs,See,Erickson,1632 Layman Court Apt. 3B Rockville 20850 United States,See.Erickson@mypio.com,341821882569861
Mr,Debra,Tant,1294 Nutter Street Building #2 Prescott 86303 United States,Debra.Tant@mypio.com,2256017274393521
Mr,Jyoti,Kimber,1430 Broadway Floor #8 New York 10018 United States,Jyoti.Kimber@mypio.com,2531571538852360
Mr,Nubia,Haigler,1861 Maryland Avenue Apt. 2D Baltimore 21201 United States,Nubia.Haigler@mypio.com,4470884090178
Mr,Micaiah,Gascoine,3352 Railroad Street Unit #10C Charles Town 25414 United States,Micaiah.Gascoine@mypio.com,377373382759945
Mr,Kellin,Ensminger,4856 Elm Drive Apt. 3C Laredo 78040 United States,Kellin.Ensminger@mypio.com,4221767006904795
Dr,Abisai,Kendrick,1843 Long Street Apt. 1A Baltimore 21201 United States,Abisai.Kendrick@mypio.com,5497440187131437
Mr,Maricarmen,Peek,3123 Cherry Ridge Drive Apt. 3B Henderson 42420 United States,Maricarmen.Peek@mypio.com,4997089480144
Mr,Lupita,Ecker,29 rue de Lille Suite 51 Paris 75007 France,Lupita.Ecker@mypio.com,5580938890486843
Mrs,Donovan,Saldivar,Rua do Catete 311 Apt. 3B Rio de Janeiro 22220-001 Brazil,Donovan.Saldivar@mypio.com,5227137821582168
Mrs,Nadim,Glantz,2 Piazza di Spagna Basement Suite #3 Rome 187 Italy,Nadim.Glantz@mypio.com,4726402791911
Mr,Aliya,Beran,2056 Thomas Street Apt. 3B Los Angeles 90033 United States,Aliya.Beran@mypio.com,2269224697001468
Dr,Mikyla,Keplinger,4056 Tecumsah Lane Apt. 1A Washington 20001 United States,Mikyla.Keplinger@mypio.com,5373105097473275
Mr,Charlisa,Earle,Carrer de la Llibertat 47 Apt. 1A Barcelona 8012 Spain,Charlisa.Earle@mypio.com,5406824738930267
Mrs,Kieth,Royston,Rua Paul Redfern 48 Apt. 2D Rio de Janeiro 22410-080 Brazil,Kieth.Royston@mypio.com,372885689690735
Mr,Lajessica,Zimmermann,1632 Layman Court Apt. 3B Rockville 20850 United States,Lajessica.Zimmermann@mypio.com,2524173570268744
Mrs,Jisela,Chilson,10 Downing Street Shop #7B London SW1A 2AA UK,Jisela.Chilson@mypio.com,4288190813803372
Mrs,Joellen,Capuano,Rua João Pessoa 237 Apt. 1A Recife 52011-160 Brazil,Joellen.Capuano@mypio.com,4402606532856
Mrs,Stephone,Melillo,Vasagatan 7 Apt. 2D Stockholm 111 20 Sweden,Stephone.Melillo@mypio.com,2226444574994018
Mr,Madelin,Behr,Rue Saint-Sulpice 1 Apt. 3C Brussels 1000 Belgium,Madelin.Behr@mypio.com,4053059908831
Mrs,Jerson,Metts,1449 Farm Meadow Drive Apt. 2D Irving 75038 United States,Jerson.Metts@mypio.com,4432014465648732
Mr,Javaughn,Chilcote,634 Waterview Lane Suite #701C Indian Rocks Beach 33785 United States,Javaughn.Chilcote@mypio.com,4351676879475235
Dr,Shimshon,Purifoy,2352 Stone Lane Apt. 2D Irving 75038 United States,Shimshon.Purifoy@mypio.com,348809718643863
Dr,Analy,Groff,Rua da Boavista Apartment #702A Porto 4050-103 Portugal,Analy.Groff@mypio.com,2279448777364752
Mrs,Augusta,Kline,721 5th Avenue Suite 1004 New York 10022 United States,Augusta.Kline@mypio.com,4339761143932
Mr,Braheem,Manson,4077 Maryland Avenue Apt. 2D Baltimore 21201 United States,Braheem.Manson@mypio.com,4046641829671762
Mrs,Fallyn,Marden,2626 Davis Lane Lot #11C Evart 49631 United States,Fallyn.Marden@mypio.com,2654723482028749
Dr,Blase,Bove,Avenida Presidente Masaryk 61 Apt. 3B Mexico City 11560 Mexico,Blase.Bove@mypio.com,4889621785101542
Mr,Sherell,Volkman,Paseo de la Reforma 222 Apt. 2D Mexico City 6500 Mexico,Sherell.Volkman@mypio.com,5139291149852333
Mr,Anderson,Bolyard,Dronningensgade 42 Apt. 1A Copenhagen 1420 Denmark,Anderson.Bolyard@mypio.com,4231602038891842
Mr,Clarivel,Yoshida,Rua de São Bento 212 Apt. 2D Porto 1200-821 Portugal,Clarivel.Yoshida@mypio.com,4426991556257560
Mr,Malky,Chau,4085 Henry Ford Avenue Apt. 1D Tampa 33602 United States,Malky.Chau@mypio.com,341290341182172
Mr,Jakara,Bonanno,Vasagatan 7 Apt. 2D Stockholm 111 20 Sweden,Jakara.Bonanno@mypio.com,4962198018234
Mrs,Nichols,Mulford,3853 Roosevelt Street Apt. 1A San Francisco 94108 United States,Nichols.Mulford@mypio.com,4120979225471
Mrs,Queena,Casares,Wattstraße 11 Apt. 2D Berlin 13355 Germany,Queena.Casares@mypio.com,2720779000360875
Mr,Tuongvi,Cisco,16 Carlton House Terrace Apartment #502A London SW1Y 5AG UK,Tuongvi.Cisco@mypio.com,379394371473437
Mr,Kelvin,Buell,31 Rue des Petits Champs Unit #8C Paris 75001 France,Kelvin.Buell@mypio.com,2292858908379461
Mrs,Chana,Naber,Glyptoteket 5 Apt. 3C Copenhagen 1577 Denmark,Chana.Naber@mypio.com,2272342311942556
Mr,Domonic,Lathrop,60 Bloor Street West Office #304 Toronto M4W 3B8 Canada,Domonic.Lathrop@mypio.com,374957871591079
Mrs,Marsean,Hennessey,6512 West Dry Creek Road Basement Room Healdsburg 95448 United States,Marsean.Hennessey@mypio.com,4683910827286627
Mrs,Larita,Koehn,16 W 61st St Suite 2E New York 10023 United States,Larita.Koehn@mypio.com,379136100031637
Mr,Karima,Carbaugh,Avenida Atlântica 4122 Apt. 3B Rio de Janeiro 22070-002 Brazil,Karima.Carbaugh@mypio.com,4572666930015
Mrs,Charmane,Mcmahon,1861 Maryland Avenue Apt. 2D Baltimore 21201 United States,Charmane.Mcmahon@mypio.com,377950086207561
Mr,Dontravious,Wingo,2848 Ridgeview Drive Apt. 3B Dallas 75201 United States,Dontravious.Wingo@mypio.com,373878407237017
Mrs,Lakeshia,Meaux,Calle 49 No. 15-27 Apt. 2D Bogotá 110231 Colombia,Lakeshia.Meaux@mypio.com,347778021713228
Mrs,Atziry,Mowrey,601 Dolores Street Level #4 San Francisco 94110 United States,Atziry.Mowrey@mypio.com,5209392249797534
Mr,Huan,Jaxon,2555 California Street Apt. 1A San Francisco 94108 United States,Huan.Jaxon@mypio.com,4284613112200980
Mrs,Ante,Hendry,Klosterstrasse 68 Apt. 1A Berlin 10179 Germany,Ante.Hendry@mypio.com,4680653653435624
Mrs,Rahwa,Labet,1692 Rainbow Road Shop #10B AzUnited States 91702 United States,Rahwa.Labet@mypio.com,5127660050859654
Mr,Laurence,Geer,1430 Broadway Lot #23 New York 10018 United States,Laurence.Geer@mypio.com,2227613603577659
Mrs,Mechelle,Felker,6512 West Dry Creek Road Basement Room Healdsburg 95448 United States,Mechelle.Felker@mypio.com,4258016574306873
Dr,Royer,Marcotte,Dronningensgade 42 Apt. 1A Copenhagen 1420 Denmark,Royer.Marcotte@mypio.com,4902778306162556
Mr,Shawntae,Granville,721 5th Avenue Suite 1004 New York 10022 United States,Shawntae.Granville@mypio.com,4809747492757225
Mr,Jemal,Garrison,4722 Washington Avenue Shop #7A Lexington 40505 United States,Jemal.Garrison@mypio.com,2710398051281762
Mrs,Sadiq,Timmons,Rue Saint-Sulpice 1 Apt. 3C Brussels 1000 Belgium,Sadiq.Timmons@mypio.com,346405284915442
Mr,Arlett,Trusty,Via di Santa Maria dell'Anima 30 Apt. 2D Rome 186 Italy,Arlett.Trusty@mypio.com,5323699088482543
Mr,Rachell,Hahn,720 Market Street Suite 1202 San Francisco 94102 United States,Rachell.Hahn@mypio.com,341320042375587
Mr,Dirk,Sacks,3432 Brannon Avenue Apt. 2D Jackson 39201 United States,Dirk.Sacks@mypio.com,370948903562857
Mrs,Shirelle,Binder,Boulevard de la Chapelle 40 Apt. 2D Paris 75018 France,Shirelle.Binder@mypio.com,4716811743839677
Mr,Muhammad,Lape,10 Downing Street Unit 5G London SW1A 2AA UK,Muhammad.Lape@mypio.com,347573993812274
Mr,Izamary,Wakefield,3312 Redwood Lane Apt. 1A Miami Beach 33139 United States,Izamary.Wakefield@mypio.com,4959093083684245
Mr,Deron,Kron,Rue Saint-Louis en l'Île 32 Apt. 3C Paris 75004 France,Deron.Kron@mypio.com,347684952191990
Dr,Jazzmyn,Morrisey,77 North Washington Street Apartment #502Q Boston 2114 United States,Jazzmyn.Morrisey@mypio.com,4234027294788088
Mr,Briyanna,Cutlip,29 rue de Lille Suite 51 Paris 75007 France,Briyanna.Cutlip@mypio.com,5261630832159007
Dr,Melony,Bacon,16 Carlton House Terrace Office #301 London SW1Y 5AG UK,Melony.Bacon@mypio.com,5174028466794537
Mr,Brooklynn,Chadburn,1007 Rockford Road Apt. 3C Henderson 42420 United States,Brooklynn.Chadburn@mypio.com,2282459366847710
Dr,Denita,Malcom,Piazza Castello Floor #5 Milan 20121 Italy,Denita.Malcom@mypio.com,4412813245057473
Mr,Santonio,Taulbee,Rua de São Bento 212 Apt. 2D Porto 1200-821 Portugal,Santonio.Taulbee@mypio.com,4359846947657692
Mrs,Valentino,Paddock,Jalan P. Ramlee Building #4 Kuala Lumpur 50250 Malaysia,Valentino.Paddock@mypio.com,4541524470551
Mr,Neftaly,Falcone,3821 Benson Park Drive Apt. 1A Irving 75038 United States,Neftaly.Falcone@mypio.com,4515712528564
Mrs,Dmitri,Bork,Jl. Jendral Sudirman No.Kav 52-53 Apt. 3B Jakarta 12190 Indonesia,Dmitri.Bork@mypio.com,376277593473477
Mr,Hiroshi,Patin,16 Carlton House Terrace Office #301 London SW1Y 5AG UK,Hiroshi.Patin@mypio.com,2225041931028321
Mr,Annalisa,Castilleja,77 North Washington Street Office #302 Boston 2114 United States,Annalisa.Castilleja@mypio.com,4124406092297
Mr,Erich,Waugh,153 Avenue des Champs-Élysées Suite 1201 Paris 75008 France,Erich.Waugh@mypio.com,2234623682994749
Dr,Reuben,Monteiro,4722 Washington Avenue Shop #7A Lexington 40505 United States,Reuben.Monteiro@mypio.com,5440191102007530
Dr,Marcoantonio,Sage,Paseo de la Castellana 28 Apt. 2D Madrid 28046 Spain,Marcoantonio.Sage@mypio.com,4193525754249
Mrs,Maliq,Krol,Boulevard Haussmann 22 Apt. 1A Paris 75009 France,Maliq.Krol@mypio.com,4869936378121327
Dr,Johndavid,Carranza,Boulevard de la Villette 41 Apt. 1A Paris 75010 France,Johndavid.Carranza@mypio.com,2222750752448392
Mr,Kassaundra,Hopkins,4802 Hillcrest Lane Apt. 2D Miami Beach 33139 United States,Kassaundra.Hopkins@mypio.com,4783533703549626
Mr,Takita,Rousseau,Rua Paul Redfern 48 Apt. 2D Rio de Janeiro 22410-080 Brazil,Takita.Rousseau@mypio.com,372733875157170
Mrs,Taren,Joubert,45 West 54th Street Lot #22 New York 10019 United States,Taren.Joubert@mypio.com,4823624137672875
Mrs,Atthew,Stook,4856 Elm Drive Apt. 3C Laredo 78040 United States,Atthew.Stook@mypio.com,2720898716063029
Dr,Shenell,Dvorak,3352 Railroad Street Unit #10C Charles Town 25414 United States,Shenell.Dvorak@mypio.com,5327695007375408
Dr,Dylon,Meisner,4555 Roosevelt Street Apt. 3D San Francisco 94108 United States,Dylon.Meisner@mypio.com,5265233256728313
Mrs,Inayah,Stamey,Calle 49 No. 15-27 Apt. 2D Bogotá 110231 Colombia,Inayah.Stamey@mypio.com,5300729509759864
Dr,Derica,Grau,1 Buckingham Palace Road Suite 105 London SW1W 0RH UK,Derica.Grau@mypio.com,4832918427734
Mrs,Izac,Colegrove,2-5-5 Marunouchi Office #508 Tokyo 100-7001 Japan,Izac.Colegrove@mypio.com,4177506135764
Mr,Fadumo,Pillow,2-5-5 Marunouchi Office #508 Tokyo 100-7001 Japan,Fadumo.Pillow@mypio.com,2720679501488367
Mrs,Jacquiline,Bramlett,1449 Farm Meadow Drive Apt. 2D Irving 75038 United States,Jacquiline.Bramlett@mypio.com,4019585851279319
Mrs,Laquishia,Dyson,Drottninggatan 68 Apt. 2D Stockholm 111 36 Sweden,Laquishia.Dyson@mypio.com,5561505734729885
Mrs,Brittiny,Jacobsen,161 Bay Street Suite 3900 Toronto M5J 2S1 Canada,Brittiny.Jacobsen@mypio.com,2230552744328036
Dr,Valeri,Bamford,153 Avenue des Champs-Élysées Suite 1201 Paris 75008 France,Valeri.Bamford@mypio.com,4032267177028638
Mr,Ashlen,Coon,4736 Eagle Street Unit #8B Alpena 49707 United States,Ashlen.Coon@mypio.com,5102352687296222
Mrs,Keisuke,Spoon,4065 Hanover Street Apt. 3C Memphis 38103 United States,Keisuke.Spoon@mypio.com,4256432060239151
Dr,Lenore,Whitton,2221 Yonge Street Basement Suite #2 Toronto M4S 2B4 Canada,Lenore.Whitton@mypio.com,4182465840950
Mrs,Alston,Scheel,634 Waterview Lane Suite #701C Indian Rocks Beach 33785 United States,Alston.Scheel@mypio.com,4602841387660554
Mrs,Mckay,Wilbanks,16 Kudamm Karree Floor #9 Berlin 10719 Germany,Mckay.Wilbanks@mypio.com,5111914672838944
Dr,Mayda,Ivanishev,1653 Medical Center Drive Apt. 1A Washington 20001 United States,Mayda.Ivanishev@mypio.com,2223805069197349
Dr,Mckinley,Beckett,1054 Oakwood Circle Apt. 2D Philadelphia 19107 United States,Mckinley.Beckett@mypio.com,2710158983159925
Mrs,Sholom,Oldenburg,1430 Broadway Lot #23 New York 10018 United States,Sholom.Oldenburg@mypio.com,5361761250501952
Mr,Tryston,Reed,61 Rue de la Chaussée d'Antin Shop #3 Paris 75009 France,Tryston.Reed@mypio.com,4121699937085351
Mrs,Shekinah,Beaumont,2555 California Street Apt. 1A San Francisco 94108 United States,Shekinah.Beaumont@mypio.com,4349688790644614
Mr,Ravon,Lissandri,201 Folsom Street Apt 22B San Francisco 94105 United States,Ravon.Lissandri@mypio.com,2292056380286212
Mr,Bassel,Pitts,2848 Ridgeview Drive Apt. 3B Dallas 75201 United States,Bassel.Pitts@mypio.com,4118276574521559
Mr,Raiza,Middlemist,10 Downing Street Unit 5G London SW1A 2AA UK,Raiza.Middlemist@mypio.com,341323684439318
Mrs,Niketa,Kingsmill,3001 Pacific Avenue Shop #4 San Francisco 94115 United States,Niketa.Kingsmill@mypio.com,379448550305373
Dr,Kirsten,Tavares,Avenida Presidente Masaryk 61 Apt. 3B Mexico City 11560 Mexico,Kirsten.Tavares@mypio.com,5265167880524308
Mr,Keiosha,Cannady,Pretoriastraat 22 Shop #3D The Hague 2595 VP Netherlands,Keiosha.Cannady@mypio.com,5117707106263478
Dr,Maison,Firestone,2849 Brown Street Apt. 2D Houston 77002 United States,Maison.Firestone@mypio.com,4266997284446615
Mr,Dann,Crawley,Rúa da Paz 68 Apt. 1A Santiago de Compostela 15702 Spain,Dann.Crawley@mypio.com,2720049506088338
Mrs,Rodrick,Gaither,111 Rue du Faubourg Saint-Honoré Shop #12B Paris 75008 France,Rodrick.Gaither@mypio.com,4457662945126321
Dr,Meztli,Grijalva,1817 Washington Avenue Apt. 2D Miami Beach 33139 United States,Meztli.Grijalva@mypio.com,4077498111786535
Dr,Melisa,Carbonell,Rathausplatz 1 Basement Shop Vienna 1010 Austria,Melisa.Carbonell@mypio.com,370550095919359
Mrs,Krista,Tullis,3123 Cherry Ridge Drive Apt. 3B Henderson 42420 United States,Krista.Tullis@mypio.com,343910878475051
Mr,Kirsti,Behrens,1843 Long Street Apt. 1A Baltimore 21201 United States,Kirsti.Behrens@mypio.com,5142056803613937
Mr,Chelsey,Olivo,1298 Stoney Lonesome Road Building #3 Wildie 40769 United States,Chelsey.Olivo@mypio.com,4643316864250596
Mr,Jericho,Gram,1101 Medical Center Drive Apt. 1A Houston 77002 United States,Jericho.Gram@mypio.com,4044443622410717
Mrs,Melita,Keough,650 Divisadero Street Suite 1003 San Francisco 94117 United States,Melita.Keough@mypio.com,373068572205957
Mrs,Imari,Aitkin,1888 Glenwood Avenue Floor #7 Cocoa 32922 United States,Imari.Aitkin@mypio.com,2268673614473388
Mr,Anjel,Kahler,Kungsportsavenyn 24 Apt. 3C Gothenburg 411 36 Sweden,Anjel.Kahler@mypio.com,5414371468315620
Mrs,Ghassan,Wildes,555 Pennsylvania Avenue NW Basement Suite #4 Washington 20001 United States,Ghassan.Wildes@mypio.com,4056501570752
Dr,Valerio,Longfellow,4156 Benson Park Drive Apt. 1A Irving 75038 United States,Valerio.Longfellow@mypio.com,4797373747169604
Dr,Diontae,Kuhn,Rua Jardim Botânico 674 Apt. 2D Rio de Janeiro 22461-000 Brazil,Diontae.Kuhn@mypio.com,4019750918403575
Mr,Dajanay,Flemming,89 Court Street Suite 2A Brooklyn 11201 United States,Dajanay.Flemming@mypio.com,2280602341179981
Mr,Cecil,Mcclendon,4633 Roosevelt Street Apt. 3B Henderson 42420 United States,Cecil.Mcclendon@mypio.com,5381718156759610
Mr,Shavonn,Szymanski,1732 Poplar Street Apt. 2B New York 10001 United States,Shavonn.Szymanski@mypio.com,5149865191110575
Mr,Kerline,Wert,4077 Maryland Avenue Apt. 2D Baltimore 21201 United States,Kerline.Wert@mypio.com,2223240359127935
Mrs,Dustin,Portillo,1843 Long Street Apt. 1A Baltimore 21201 United States,Dustin.Portillo@mypio.com,4434452113205
Mrs,Savana,Bedell,7701 Beverly Boulevard Suite 104 Los Angeles 90036 United States,Savana.Bedell@mypio.com,343673073321761
Mr,Elishia,Grieve,5 Place Vendôme Lot #20 Paris 75001 France,Elishia.Grieve@mypio.com,5223331694166949
Mr,Custodio,Dong,1504 Ridge Avenue Basement Unit Roxboro 27573 United States,Custodio.Dong@mypio.com,5256544333903952
Mrs,Ryanchristopher,Melnick,4077 Maryland Avenue Apt. 2D Baltimore 21201 United States,Ryanchristopher.Melnick@mypio.com,2720646066534815
Mr,Cree,Aman,3001 Pacific Avenue Unit #9D San Francisco 94115 United States,Cree.Aman@mypio.com,2322503525912322
Dr,Arjan,Demko,6227 Sunset Drive Apt. 2C New York 10016 United States,Arjan.Demko@mypio.com,2277235220904306
Mr,Josslyn,Parent,1861 Maryland Avenue Apt. 2D Baltimore 21201 United States,Josslyn.Parent@mypio.com,349827400356436
Mr,Kaelyn,Elizondo,10 Downing Street Unit 5G London SW1A 2AA UK,Kaelyn.Elizondo@mypio.com,4188761142862
Mrs,Kaleo,Clapper,153 Avenue des Champs-Élysées Suite 1201 Paris 75008 France,Kaleo.Clapper@mypio.com,376562466138312
Mr,Farm,Hazlett,2-5-5 Marunouchi Office #508 Tokyo 100-7001 Japan,Farm.Hazlett@mypio.com,4379091353293993
Mr,Graziella,Gaunt,Via Palermo 17 Apt. 2D Milan 20121 Italy,Graziella.Gaunt@mypio.com,4717661565370194
Mr,Shaunna,Caffey,33 Saint James's Square Suite 1501 London SW1Y 4JS UK,Shaunna.Caffey@mypio.com,4215784515930
Mrs,Shaakira,Lassiter,Rua Antônio Carlos 415 Apt. 2D São Paulo 01309-010 Brazil,Shaakira.Lassiter@mypio.com,4982682432270048
Mrs,Tiahna,Harman,1007 Rockford Road Apt. 3C Henderson 42420 United States,Tiahna.Harman@mypio.com,373878676132294
Mrs,Seanna,Mccree,1054 Oakwood Circle Apt. 2D Philadelphia 19107 United States,Seanna.Mccree@mypio.com,4337365901885974
Mrs,Shayda,Senecal,2-5-5 Marunouchi Office #508 Tokyo 100-7001 Japan,Shayda.Senecal@mypio.com,2222462877387050
Mr,Janika,Felder,650 Divisadero Street Shop #7C San Francisco 94117 United States,Janika.Felder@mypio.com,4889996849024
Mrs,Ophelia,McCaskill,3312 Redwood Lane Apt. 1A Miami Beach 33139 United States,Ophelia.McCaskill@mypio.com,5198589640100087
Mrs,Xena,Kisner,3126 Grey Fox Farm Road Apt. 3C Henderson 42420 United States,Xena.Kisner@mypio.com,4215739394561
Dr,Javonda,Pfeiffer,4156 Benson Park Drive Apt. 1A Irving 75038 United States,Javonda.Pfeiffer@mypio.com,4762229287539492
Mrs,Wilver,Baeza,2615 Cambridge Drive Apt. 3C Washington 20001 United States,Wilver.Baeza@mypio.com,2390556270824889
Mrs,Chirstopher,Ledezma,1205 Oakwood Circle Apt. 1A Baltimore 21201 United States,Chirstopher.Ledezma@mypio.com,2270344385639799
Mrs,Dunia,Haber,Bismarckstr. 10 Basement Office Bonn 53113 Germany,Dunia.Haber@mypio.com,377681828337852
Dr,Kayin,Mellott,4617 Shady Lane Apt. 1A Miami Beach 33139 United States,Kayin.Mellott@mypio.com,4407416431335206
Mr,Brentley,Weiler,43-45 Portman Square Shop #7B London W1H 6HN UK,Brentley.Weiler@mypio.com,2518873776358181
Mrs,Khoi,Duffield,2488 Camden Street Apartment #301B Saint Petersburg 33710 United States,Khoi.Duffield@mypio.com,4816543687107
Mrs,Piotr,Mingo,2 Piazza di Spagna Apt 45G Rome 187 Italy,Piotr.Mingo@mypio.com,4256400798631632
Mrs,Esperansa,Gros,201 Folsom Street Apt 22B San Francisco 94105 United States,Esperansa.Gros@mypio.com,373151742383112
Mr,Baileigh,Fike,Lange Voorhout 34 Apt. 3B The Hague 2514 EE Netherlands,Baileigh.Fike@mypio.com,4144828227400
Mr,Llesenia,Wingate,650 Divisadero Street Shop #7C San Francisco 94117 United States,Llesenia.Wingate@mypio.com,5244172699220195
Mrs,Deshawna,Mull,1264 Jett Lane Lot #9A Milledgeville 31061 United States,Deshawna.Mull@mypio.com,4688414852313998
Mr,Angela,Ducharme,Boulevard de la Villette 41 Apt. 1A Paris 75010 France,Angela.Ducharme@mypio.com,4699231150141
Mr,Shahid,Mayers,2857 Kincaid Street Office #1205 Pompano Beach 33063 United States,Shahid.Mayers@mypio.com,344018095565990
Mr,Daquann,Scheid,4025 Poplar Street Apt. 3B Portland 4101 United States,Daquann.Scheid@mypio.com,4986384128110
Mrs,Miraya,Huber,10 Downing Street Level #3 London SW1A 2AB UK,Miraya.Huber@mypio.com,2522186357558233
Dr,Shantee,Dexter,161 Bay Street Suite 3900 Toronto M5J 2S1 Canada,Shantee.Dexter@mypio.com,341791106070145
Mr,Kahiau,Hua,100 Montgomery Street Suite 1500 San Francisco 94104 United States,Kahiau.Hua@mypio.com,4781454776150240
Dr,Azhane,Brubaker,Calle 49 No. 15-27 Apt. 2D Bogotá 110231 Colombia,Azhane.Brubaker@mypio.com,5339348230634445
Mr,Bronte,Boomer,Via Nomentana Room #405A Rome 162 Italy,Bronte.Boomer@mypio.com,5209156183525573
Mr,Meiling,Welch,720 Market Street Suite 1202 San Francisco 94102 United States,Meiling.Welch@mypio.com,4618155805312938
Mr,Jacy,Holtz,2682 Horseshoe Lane Apt. 3C Baltimore 21201 United States,Jacy.Holtz@mypio.com,5560154404932438
Mr,Dejaun,Lambert,2533 Brooklyn Street Apt. 2D Pittsburgh 15201 United States,Dejaun.Lambert@mypio.com,347942847020623
Mrs,Kristofor,Harrold,1802 Walton Street Apt. 1B New York 10011 United States,Kristofor.Harrold@mypio.com,5508265104199079
Mrs,Dan,Corr,7701 Beverly Boulevard Suite 104 Los Angeles 90036 United States,Dan.Corr@mypio.com,2226011254682736
Mr,Massiel,Chester,Avinguda del Paraŀlel 164 Shop #5A Barcelona 8015 Spain,Massiel.Chester@mypio.com,2709509318424709
Mrs,Calley,Ralls,Begovaya Street 3 Unit #7D Moscow 125284 Russia,Calley.Ralls@mypio.com,5412471523975887
Mrs,Gayla,Salmeron,Rua João Pessoa 237 Apt. 1A Recife 52011-160 Brazil,Gayla.Salmeron@mypio.com,4749762550432380
Dr,Chua,Flickinger,220 Central Park South Unit 5B New York 10036 United States,Chua.Flickinger@mypio.com,2224405103108131
Dr,Loyd,Denney,3081 Hanifan Lane Room #202D Hadley 12828 United States,Loyd.Denney@mypio.com,2243556044723778
Mr,Lavante,Murdoch,Plac Unii Lubelskiej 1 Lot #6A Lublin 20-016 Poland,Lavante.Murdoch@mypio.com,5394420355009733
Dr,Kadesha,Perdomo,3001 Pacific Avenue Shop #4 San Francisco 94115 United States,Kadesha.Perdomo@mypio.com,4548633209927100
Dr,Tomica,Schrei,16 W 61st St Suite 2E New York 10023 United States,Tomica.Schrei@mypio.com,345412885253288
Mr,Laterrance,Cranmer,2 Piazza di Spagna Apt 45G Rome 187 Italy,Laterrance.Cranmer@mypio.com,5588123215717292
Mr,Jacara,Marlow,1294 Nutter Street Building #2 Prescott 86303 United States,Jacara.Marlow@mypio.com,377911121298332
Mr,Johncarlo,Snead,48 West Street Building #8 London E18 2PR United Kingdom,Johncarlo.Snead@mypio.com,4977258662468
Dr,Brain,Boren,1878 Lynch Street Apt. 1A St. Louis 63101 United States,Brain.Boren@mypio.com,2720622781667510
Mrs,Anasia,Loftus,2488 Camden Street Apartment #301B Saint Petersburg 33710 United States,Anasia.Loftus@mypio.com,4039870693087
Mr,Montell,Luker,2876 Patterson Street Apt. 2B New York 10001 United States,Montell.Luker@mypio.com,4401812603044
Dr,Carrina,Polite,2056 Thomas Street Apt. 3B Los Angeles 90033 United States,Carrina.Polite@mypio.com,4338650541976
Mr,Dontarius,Larios,1 Ferry Building Suite 50 San Francisco 94111 United States,Dontarius.Larios@mypio.com,4061447514867
Mrs,Xavius,Plasencia,61 Rue de la Chaussée d'Antin Shop #3 Paris 75009 France,Xavius.Plasencia@mypio.com,2562129970597476
Dr,Kimberley,Betts,2344 Green Hill Road Apt. 3C Houston 77002 United States,Kimberley.Betts@mypio.com,343653607879524
Mrs,Malin,Pinzon,Rathausplatz 1 Basement Shop Vienna 1010 Austria,Malin.Pinzon@mypio.com,5374665111686042
Dr,Flory,Stalker,33 Saint James's Square Suite 1501 London SW1Y 4JS UK,Flory.Stalker@mypio.com,370991963120436
Mr,Lowell,Lumpkin,Lützner Straße 68 Suite #1001 Leipzig 4177 Germany,Lowell.Lumpkin@mypio.com,2291714201804435
Mr,Nikola,Fortney,61 Rue de la Chaussée d'Antin Upper Level Suite #6A Paris 75009 France,Nikola.Fortney@mypio.com,2292844298865214
Mr,Shalina,Encinas,2221 Yonge Street Basement Suite #2 Toronto M4S 2B4 Canada,Shalina.Encinas@mypio.com,4127519053617
Dr,Ladarrius,Charleston,1298 Stoney Lonesome Road Building #3 Wildie 40769 United States,Ladarrius.Charleston@mypio.com,2720876339921941
Mrs,Basilio,Krawczyk,721 5th Avenue Shop #7G New York 10022 United States,Basilio.Krawczyk@mypio.com,5503755618057618
Mrs,Jocqui,Heaps,1732 Poplar Street Apt. 2B New York 10001 United States,Jocqui.Heaps@mypio.com,373346039220602
Mrs,Hokulani,Partin,7701 Beverly Boulevard Suite 104 Los Angeles 90036 United States,Hokulani.Partin@mypio.com,4979881489708742
Mrs,Choua,Fein,2047 Washington Avenue Apt. 2D Miami Beach 33139 United States,Choua.Fein@mypio.com,4306206138285951
Mr,Gisele,Darling,3853 Roosevelt Street Apt. 1A San Francisco 94108 United States,Gisele.Darling@mypio.com,345488351186067
Mr,Breshey,Harshbarger,Unter den Linden 68 Apt. 3C Berlin 10117 Germany,Breshey.Harshbarger@mypio.com,372883990377098
Mrs,Tais,Mcnulty,721 5th Avenue Shop #7G New York 10022 United States,Tais.Mcnulty@mypio.com,348857062016634
Dr,Herminia,Self,24 rue du Faubourg Saint-Honoré Suite #202B Paris 75001 France,Herminia.Self@mypio.com,4735171359339
Dr,Jeny,Bird,4288 Cherry Ridge Drive Apt. 3C Henderson 42420 United States,Jeny.Bird@mypio.com,2706451262998671
Mr,Marguerite,Schweizer,2622 Dog Hill Lane Apt. 2D Irving 75038 United States,Marguerite.Schweizer@mypio.com,4310715225249811
Mrs,Camron,Mcglothlin,2555 California Street Apt. 1A San Francisco 94108 United States,Camron.Mcglothlin@mypio.com,5506992155962544
Mr,Sherline,Garzon,3758 Sherry Lane Apartment #305A New York 10213 United States,Sherline.Garzon@mypio.com,2720931177912598
Mr,Mirabai,Randazzo,77 North Washington Street Apartment #502Q Boston 2114 United States,Mirabai.Randazzo@mypio.com,4114637743239
Mrs,Latanya,Moreno,Vasagatan 7 Apt. 2D Stockholm 111 20 Sweden,Latanya.Moreno@mypio.com,375930695944285
Mrs,Kristiana,Tobin,2263 Dog Hill Lane Apt. 3C Irving 75038 United States,Kristiana.Tobin@mypio.com,377981100125050
Mrs,Jamillah,Searles,Jl. Pemuda No. 60 Apt. 3C Surabaya 60271 Indonesia,Jamillah.Searles@mypio.com,4327397673429
Mrs,Firas,Poche,Rue Saint-Martin 15 Apt. 2D Paris 75004 France,Firas.Poche@mypio.com,2706836772420654
Mr,Johsua,Lamm,1419 Columbia Boulevard Office #1104 New Iberia 70560 United States,Johsua.Lamm@mypio.com,4855544881527287
Mrs,Kerin,Luevano,1732 Poplar Street Apt. 2B New York 10001 United States,Kerin.Luevano@mypio.com,378891316742792
Mr,Natali,Gainer,3835 Terry Lane Apt. 2D Washington 20001 United States,Natali.Gainer@mypio.com,2579240129536725
Mrs,Kashmir,Widman,33 Saint James's Square Suite 1501 London SW1Y 4JS UK,Kashmir.Widman@mypio.com,2324296866575932
Mr,Jully,Carle,Götgatan 10 Apt. 2D Stockholm 118 46 Sweden,Jully.Carle@mypio.com,4861541373066
Mrs,Sonora,Villanueva,4848 Stone Lane Floor #12 Huntingdon 16652 United States,Sonora.Villanueva@mypio.com,4520872794018
Dr,Nicanor,Wolski,Avenida Presidente Kennedy 6755 Apt. 1A Santiago 7630319 Chile,Nicanor.Wolski@mypio.com,370355455540577
Mr,Efraim,Timms,Plac Europejski 2 Apartment #206C Warsaw 00-844 Poland,Efraim.Timms@mypio.com,2229483906201334
Dr,Billi,Ahmad,Dronningensgade 42 Apt. 1A Copenhagen 1420 Denmark,Billi.Ahmad@mypio.com,2274684456022560
Mr,Avedis,Reece,1073 Elmwood Avenue Apt 202 Philadelphia 19108 United States,Avedis.Reece@mypio.com,5544345821183385
Dr,Sora,Germano,220 Central Park South Unit 5B New York 10036 United States,Sora.Germano@mypio.com,344073331862657
Dr,Angeli,Black,10 Downing Street Suite #102 London SW1A 2AB UK,Angeli.Black@mypio.com,5333959086736585
Mr,Calder,Riedel,2488 Camden Street Apartment #301B Saint Petersburg 33710 United States,Calder.Riedel@mypio.com,4822161586807
Mr,Doneisha,Ott,1449 Farm Meadow Drive Apt. 2D Irving 75038 United States,Doneisha.Ott@mypio.com,375994880991273
Dr,Heidy,Hellman,Wattstraße 11 Apt. 2D Berlin 13355 Germany,Heidy.Hellman@mypio.com,4303200108174692
Mrs,Diedra,Froehlich,4848 Stone Lane Floor #12 Huntingdon 16652 United States,Diedra.Froehlich@mypio.com,4453461823330530
Mrs,Corena,Bogert,4773 Nash Street Apt. 1C Hollywood 33020 United States,Corena.Bogert@mypio.com,5442311191409944
Mr,Damonica,Braga,Calle Calzada Larga 315 Apt. 2D Guadalajara 44110 Mexico,Damonica.Braga@mypio.com,4070156587045
Mrs,Desire,Liner,Pretoriastraat 22 Shop #3D The Hague 2595 VP Netherlands,Desire.Liner@mypio.com,5107641157883289
Mrs,Maja,Ivanov,Paseo de la Reforma 222 Apt. 2D Mexico City 6500 Mexico,Maja.Ivanov@mypio.com,4114471329370
Mrs,Efrain,Victoria,Via Salaria 1111 Apt. 2D Rome 138 Italy,Efrain.Victoria@mypio.com,4464543061499086
Mrs,Belem,Arndt,1007 Rockford Road Apt. 3C Henderson 42420 United States,Belem.Arndt@mypio.com,5586627861602148
Mrs,Tayah,Haught,2615 Cambridge Drive Apt. 3C Washington 20001 United States,Tayah.Haught@mypio.com,342757427261975
Mrs,Tyrek,Soucy,650 Divisadero Street Shop #7C San Francisco 94117 United States,Tyrek.Soucy@mypio.com,4904703229301
Dr,Kaitlynn,Gessner,3081 Hanifan Lane Room #202D Hadley 12828 United States,Kaitlynn.Gessner@mypio.com,2235296974058411
Mrs,Jahmari,Franz,4091 Oakwood Circle Apt. 2D New York 10007 United States,Jahmari.Franz@mypio.com,4359882023670347
Mr,Chue,Featherstone,89 Court Street Suite 2A Brooklyn 11201 United States,Chue.Featherstone@mypio.com,348577962057282
Mr,Kasondra,Oliphant,Lützowplatz 17 Apt. 1A Berlin 10785 Germany,Kasondra.Oliphant@mypio.com,4578076374405981
Mr,Kennth,Emrich,4773 Nash Street Apt. 1C Hollywood 33020 United States,Kennth.Emrich@mypio.com,2269979427831808
Dr,Shahidah,Gray,2536 Fleming Street Apt. 1B Miami 33140 United States,Shahidah.Gray@mypio.com,341718819123398
Mrs,Kailin,Fairbanks,3001 Pacific Avenue Unit #9D San Francisco 94115 United States,Kailin.Fairbanks@mypio.com,4390955054438009
Mr,Vang,Castellano,Unter den Linden 68 Apt. 3C Berlin 10117 Germany,Vang.Castellano@mypio.com,349004379566165
Mr,Jazman,Krieg,3783 Nutter Street Apt. 2C Pittsburgh 15201 United States,Jazman.Krieg@mypio.com,4939668446783
Dr,Deshante,Mccumber,1168 Folsom Street Office #305 San Francisco 94103 United States,Deshante.Mccumber@mypio.com,5131719240395075
Mr,Elizebeth,Ghiriardelli,1861 Maryland Avenue Apt. 2D Baltimore 21201 United States,Elizebeth.Ghiriardelli@mypio.com,345873496783039
Dr,Reema,Veal,1168 Folsom Street Office #305 San Francisco 94103 United States,Reema.Veal@mypio.com,2274750036557895
Dr,Jasminemarie,Cuff,3272 North Bend River Road Apt. 1A Chicago 60601 United States,Jasminemarie.Cuff@mypio.com,375871983038345
Dr,Derrick,Vanbuskirk,4085 Henry Ford Avenue Apt. 1D Tampa 33602 United States,Derrick.Vanbuskirk@mypio.com,5467011051472269
Mrs,Lula,Hathorn,Rue de la Colline 23 Basement Suite #2 Brussels 1000 Belgium,Lula.Hathorn@mypio.com,2720846978024122
Mr,Fitzgerald,Gonsalez,45 Willow Road Apt. 3B London W11 1QT United Kingdom,Fitzgerald.Gonsalez@mypio.com,4420252411151455
Dr,Leeanne,Inman,1889 Rue du Moulin Room #205D Paris 75002 France,Leeanne.Inman@mypio.com,4445150479788619
Mr,Rivky,Aaron,Rua de São Bento 212 Apt. 2D Porto 1200-821 Portugal,Rivky.Aaron@mypio.com,4722107760913
Mrs,Jamerson,Midkiff,4848 Stone Lane Floor #12 Huntingdon 16652 United States,Jamerson.Midkiff@mypio.com,4259933598944
Mrs,Soraida,Ceballos,410 Florida Street Shop #7B San Francisco 94110 United States,Soraida.Ceballos@mypio.com,4921150189963404
Mr,Dshawn,Coffman,3783 Nutter Street Apt. 2C Pittsburgh 15201 United States,Dshawn.Coffman@mypio.com,4451641648906260
Mr,Raquan,Beeson,2344 Green Hill Road Apt. 3C Houston 77002 United States,Raquan.Beeson@mypio.com,4987473529605239
Mr,Jack,Tedeschi,Paseo de la Castellana 28 Apt. 2D Madrid 28046 Spain,Jack.Tedeschi@mypio.com,2221884640697055
Mr,Heavenly,Stine,4025 Poplar Street Apt. 3B Portland 4101 United States,Heavenly.Stine@mypio.com,5497246235130777
Mrs,Sharlyn,Maxon,10036 East River Street Upper Level Apartment #7A Salem 97317 United States,Sharlyn.Maxon@mypio.com,2288195415573475
Mr,Zandra,Woodrow,1054 Oakwood Circle Apt. 2D Philadelphia 19107 United States,Zandra.Woodrow@mypio.com,4222460958459229
Mrs,Kelan,Teague,7701 Beverly Boulevard Suite 104 Los Angeles 90036 United States,Kelan.Teague@mypio.com,4967384473233434
Dr,Edna,Lally,4091 Oakwood Circle Apt. 2D New York 10007 United States,Edna.Lally@mypio.com,2720403190850061
Mrs,Le,Sink,3123 Cherry Ridge Drive Apt. 3B Henderson 42420 United States,Le.Sink@mypio.com,373813202054136
Mr,Ekaterina,Hornsby,6227 Sunset Drive Apt. 2C New York 10016 United States,Ekaterina.Hornsby@mypio.com,4916763598135
Mr,Magdaleno,Hunsinger,1-1 Nijubashimae-cho Upper Level Suite #5B Tokyo 102-8578 Japan,Magdaleno.Hunsinger@mypio.com,2712387571917468
Dr,Valentino,Volkman,4056 Tecumsah Lane Apt. 1A Washington 20001 United States,Valentino.Volkman@mypio.com,5419752842199670
Dr,Kaylia,Weisman,3669 Brooklyn Street Apt. 2D Pittsburgh 15201 United States,Kaylia.Weisman@mypio.com,5593800195703446
Dr,Eun,Traub,45 West 54th Street Room #301A New York 10019 United States,Eun.Traub@mypio.com,5323295223826381
Mr,Korinna,Scherr,Rua Paul Redfern 48 Apt. 2D Rio de Janeiro 22410-080 Brazil,Korinna.Scherr@mypio.com,4530339876008398
Mrs,Kellee,Herndon,Calle Ciega con Calle Guaicaipuro Apt. 1A Caracas 1060 Venezuela,Kellee.Herndon@mypio.com,347244059521805
Mr,Tadeh,Bittlestone,650 Divisadero Street Shop #7C San Francisco 94117 United States,Tadeh.Bittlestone@mypio.com,5444916397020673
Mr,Dayra,Radabaugh,16 Yonge Street Suite 1201 Toronto M5E 2A1 Canada,Dayra.Radabaugh@mypio.com,4522745665231
Mrs,Belal,Culley,2682 Horseshoe Lane Apt. 3C Baltimore 21201 United States,Belal.Culley@mypio.com,5471325489606701
Mrs,Kiki,Alpert,Carrer de la Llibertat 47 Apt. 1A Barcelona 8012 Spain,Kiki.Alpert@mypio.com,5137930240958022
Mr,Michellee,Rupe,Via Giosuè Carducci 12 Apt. 3C Milan 20123 Italy,Michellee.Rupe@mypio.com,2225577565437833
Mrs,Kasie,Burr,43-45 Portman Square Suite 1002 London W1H 6HN UK,Kasie.Burr@mypio.com,4905498779730
Mrs,Nuri,Buckingham,10-12 Great Marlborough St Apt. 3B London W1F 7JD United Kingdom,Nuri.Buckingham@mypio.com,370937271264781
Mr,Rachel,Kratz,Via Palermo 17 Apt. 2D Milan 20121 Italy,Rachel.Kratz@mypio.com,5230745733124185
Mr,Dylan,Kulp,1449 Farm Meadow Drive Apt. 2D Irving 75038 United States,Dylan.Kulp@mypio.com,5232564056655508
Mrs,Rafaela,Sparry,14 Rue du Temple Apt. 2D Paris 75004 France,Rafaela.Sparry@mypio.com,5323468186872586
Mr,Everado,Shores,3123 Cherry Ridge Drive Apt. 3B Henderson 42420 United States,Everado.Shores@mypio.com,2222449349313983
Mrs,Barclay,Valdivia,G. Washington 3 Unit #11B Budapest 1900 Hungary,Barclay.Valdivia@mypio.com,4792243445308
Mr,Daiel,Crown,4633 Roosevelt Street Apt. 3B Henderson 42420 United States,Daiel.Crown@mypio.com,372427378750282
Mrs,Mylene,Hoadley,Ul. Grivtsova 7A Apt. 3C Kiev 3142 Ukraine,Mylene.Hoadley@mypio.com,5338671595278422
Mrs,Katherina,Howey,1449 Farm Meadow Drive Apt. 2D Irving 75038 United States,Katherina.Howey@mypio.com,4109683492657182
Mrs,Anabelen,Rowley,89 Court Street Suite 2A Brooklyn 11201 United States,Anabelen.Rowley@mypio.com,346854793560561
Mr,Cordell,Hulett,4722 Washington Avenue Shop #7A Lexington 40505 United States,Cordell.Hulett@mypio.com,4780226737781
Mrs,Montie,Fanelli,4085 Henry Ford Avenue Apt. 1D Tampa 33602 United States,Montie.Fanelli@mypio.com,5464720932206955
Dr,Paige,Padefield,Via Torino 3 Apt. 3C Milan 20123 Italy,Paige.Padefield@mypio.com,4790280028395813
Mrs,Annita,Hoge,2-5-5 Marunouchi Office #508 Tokyo 100-7001 Japan,Annita.Hoge@mypio.com,4029513508321175
Mrs,Bg,Wesolowski,Gulshan Link Road Floor #6 Dhaka 1212 Bangladesh,Bg.Wesolowski@mypio.com,2231308842604843
Mr,Mike,Kraft,721 5th Avenue Shop #7G New York 10022 United States,Mike.Kraft@mypio.com,4372058030894659
Mrs,Crysta,Duhon,Rue Saint-Sulpice 1 Apt. 3C Brussels 1000 Belgium,Crysta.Duhon@mypio.com,346929642773456
Dr,Andria,Widener,Eerikinkatu 7 Apt. 2D Helsinki 100 Finland,Andria.Widener@mypio.com,4467076690630361
Mr,Rudolph,Barahona,Jl. Hayam Wuruk No. 6 Apt. 2D Jakarta 10120 Indonesia,Rudolph.Barahona@mypio.com,4700897895921
Mr,Debra,Oubre,Boulevard Léopold III 131 Apt. 1A Brussels 1020 Belgium,Debra.Oubre@mypio.com,4457695507853138
Mr,Elie,Showalter,10-12 Great Marlborough St Apt. 3B London W1F 7JD United Kingdom,Elie.Showalter@mypio.com,345029150437807
Dr,Brittney,Gaither,Lützner Straße 68 Suite #1001 Leipzig 4177 Germany,Brittney.Gaither@mypio.com,4876172994467562
Mr,Rontrell,Schleicher,1075 Bay Street Suite 2J Toronto M5S 2B1 Canada,Rontrell.Schleicher@mypio.com,2720865827092390
Dr,Arlyn,Bellman,4748 Maryland Avenue Apt. 1A Baltimore 21201 United States,Arlyn.Bellman@mypio.com,5208179593184095
Mrs,Mikalah,Eveland,2626 Davis Lane Lot #11C Evart 49631 United States,Mikalah.Eveland@mypio.com,379008436865035
Mrs,Jamia,Gardella,Jl. Sudirman Kav. 52-53 Apt. 3B Jakarta 12190 Indonesia,Jamia.Gardella@mypio.com,2300315138149504
Dr,Tajuan,Fasano,3491 Monroe Avenue Apt. 2D San Francisco 94108 United States,Tajuan.Fasano@mypio.com,5182898706156040
Mrs,Farhan,Uhl,Rue François 1er 4 Apt. 3C Paris 75008 France,Farhan.Uhl@mypio.com,341164161042470
Dr,Latonia,Gholston,134 via del Corso Suite 1202 Rome 186 Italy,Latonia.Gholston@mypio.com,341819368010620
Dr,Eathan,Hunsucker,4722 Washington Avenue Shop #7A Lexington 40505 United States,Eathan.Hunsucker@mypio.com,4498281694642
Mr,Jiana,Cardinal,Plac Unii Lubelskiej 1 Lot #6A Lublin 20-016 Poland,Jiana.Cardinal@mypio.com,5293073548757864
Mrs,Brittiany,Reno,100 Montgomery Street Suite 1500 San Francisco 94104 United States,Brittiany.Reno@mypio.com,4017002339464
Mr,Aubry,Monroe,4935 Bluff Street Apt. 2C Boulder 80302 United States,Aubry.Monroe@mypio.com,4045939894628
Dr,Laquanda,Buckles,Piazza Castello Floor #5 Milan 20121 Italy,Laquanda.Buckles@mypio.com,4147949920952809
Mr,Melquan,Chan,Vasagatan 7 Apt. 2D Stockholm 111 20 Sweden,Melquan.Chan@mypio.com,5529242719622567
Mr,Labrea,Conn,6512 West Dry Creek Road Basement Room Healdsburg 95448 United States,Labrea.Conn@mypio.com,2703339632961010
Mrs,Haig,Eicher,Boulevard de la Villette 41 Apt. 1A Paris 75010 France,Haig.Eicher@mypio.com,2233532442835712
Mrs,Tajanae,Vannoy,1632 Layman Court Apt. 3B Rockville 20850 United States,Tajanae.Vannoy@mypio.com,4666669889344
Mrs,Monte,Eberhardt,5 Place Vendôme Building #5  Paris 75001 France,Monte.Eberhardt@mypio.com,371659713253052
Mr,Sedale,Frandsen,721 5th Avenue Suite 1004 New York 10022 United States,Sedale.Frandsen@mypio.com,2400365713842969
Mr,Mellisa,Rany,4554 Cemetery Road Apt. 3B Hollywood 33020 United States,Mellisa.Rany@mypio.com,5290701886999834
Mrs,Jakia,Mccartney,Praça São João Bosco 153 Apt. 2D São Paulo 04036-070 Brazil,Jakia.Mccartney@mypio.com,4542940280360113
Mrs,Selenne,Summey,1075 Bay Street Suite 2J Toronto M5S 2B1 Canada,Selenne.Summey@mypio.com,2720040409012131
Mrs,Charlize,Heide,3835 Terry Lane Apt. 2D Washington 20001 United States,Charlize.Heide@mypio.com,5423645458865909
Dr,Charice,Waites,29 rue de Lille Suite 51 Paris 75007 France,Charice.Waites@mypio.com,5412700286648086
Mr,Zenobia,Bixby,721 5th Avenue Suite 1004 New York 10022 United States,Zenobia.Bixby@mypio.com,5239713608292172
Mr,Emigdio,Orange,33 Saint James's Square Suite 1501 London SW1Y 4JS UK,Emigdio.Orange@mypio.com,2720531687562112
Mr,Areisy,Neal,89 Court Street Suite 2A Brooklyn 11201 United States,Areisy.Neal@mypio.com,5388666999026656
Dr,Boston,Llanes,4065 Hanover Street Apt. 3C Memphis 38103 United States,Boston.Llanes@mypio.com,2720108610595623
Mr,Binh,Capers,3182 Benson Park Drive Apt. 3B Houston 77002 United States,Binh.Capers@mypio.com,5139619193006572
Mr,Hiren,Lafoy,24 rue du Faubourg Saint-Honoré Apt 15 Paris 75001 France,Hiren.Lafoy@mypio.com,5372465208712963
Mr,Stormie,Ascencio,1236 Traction Street Apt. 3C Los Angeles 90033 United States,Stormie.Ascencio@mypio.com,2711860517822926
Dr,Vineet,Howe,3001 Pacific Avenue Unit #9D San Francisco 94115 United States,Vineet.Howe@mypio.com,5399078946445701
Mr,Andreya,Tynes,Rua Guajajaras 581 Apt. 1A Belo Horizonte 30180-100 Brazil,Andreya.Tynes@mypio.com,376641160822284
Mr,Malakai,Buster,Carrer de Balmes 26 Apt. 1A Barcelona 8007 Spain,Malakai.Buster@mypio.com,5332636646045647
Mr,Kennon,Betz,721 5th Avenue Suite 1004 New York 10022 United States,Kennon.Betz@mypio.com,344315161350910
Mr,Courtni,Melgoza,3081 Hanifan Lane Room #202D Hadley 12828 United States,Courtni.Melgoza@mypio.com,4357055701750736
Dr,Chetara,Villaron,Via di Santa Maria dell'Anima 30 Apt. 2D Rome 186 Italy,Chetara.Villaron@mypio.com,4061860796423067
Dr,Berlin,Kwon,22 Murray Street Room #505C New York 10007 United States,Berlin.Kwon@mypio.com,375765546687618
Mrs,Zandra,Judge,2352 Stone Lane Apt. 2D Irving 75038 United States,Zandra.Judge@mypio.com,4788868727413
Dr,Svetlana,Toler,555 Pennsylvania Avenue NW Basement Suite #4 Washington 20001 United States,Svetlana.Toler@mypio.com,4374042698128449
Mr,Tannaz,Youngs,4056 Tecumsah Lane Apt. 1A Washington 20001 United States,Tannaz.Youngs@mypio.com,4095741741304490
Mrs,Naeema,Warr,1878 Lynch Street Apt. 1A St. Louis 63101 United States,Naeema.Warr@mypio.com,4484892437020
Mr,Reinaldo,Quiroz,3853 Roosevelt Street Apt. 1A San Francisco 94108 United States,Reinaldo.Quiroz@mypio.com,340842369644416
Mrs,Jermeka,Galle,89 Court Street Suite 2A Brooklyn 11201 United States,Jermeka.Galle@mypio.com,5346374936176159
Mr,Jaskarn,Villavicencio,2682 Horseshoe Lane Apt. 3C Baltimore 21201 United States,Jaskarn.Villavicencio@mypio.com,4537178335251
Dr,Ashtin,Bentz,2146 Poplar Street Apt. 2B New York 10001 United States,Ashtin.Bentz@mypio.com,2664431422730513
Mrs,Abhishek,Cozad,Jl. Pemuda No. 60 Apt. 3C Surabaya 60271 Indonesia,Abhishek.Cozad@mypio.com,341670537566055
Mrs,Tavoris,Reaveley,2047 Washington Avenue Apt. 2D Miami Beach 33139 United States,Tavoris.Reaveley@mypio.com,340527703562239
Mrs,Cain,Philips,Jl. Jendral Sudirman No.Kav 52-53 Apt. 3B Jakarta 12190 Indonesia,Cain.Philips@mypio.com,379436725604248
Mr,Presley,Hitchens,Mannerheimintie 22-24 Apt. 1A Helsinki 100 Finland,Presley.Hitchens@mypio.com,372176517736739
Mr,Sindy,Liner,77 North Washington Street Apartment #502Q Boston 2114 United States,Sindy.Liner@mypio.com,343760142171336
Mr,Margarita,Pepper,650 Divisadero Street Shop #7C San Francisco 94117 United States,Margarita.Pepper@mypio.com,5218887852590426
Mr,Donielle,Cutter,45 Willow Road Apt. 3B London W11 1QT United Kingdom,Donielle.Cutter@mypio.com,4161999835326402
Dr,Teela,Mcquaid,Avenida Carlos Gomes 1139 Apt. 1A Porto Alegre 90480-003 Brazil,Teela.Mcquaid@mypio.com,2720607377246625
Mr,Eli,Oconnell,100 Montgomery Street Suite 1500 San Francisco 94104 United States,Eli.Oconnell@mypio.com,2720152107445666
Mrs,Nakeia,Ogletree,135 Rue du Faubourg Saint-Honoré Apartment #502G Paris 75008 France,Nakeia.Ogletree@mypio.com,4200908983565073
Mrs,Ryane,Kain,4773 Nash Street Apt. 1C Hollywood 33020 United States,Ryane.Kain@mypio.com,343996762521069
Dr,Magan,Schoch,1888 Glenwood Avenue Floor #7 Cocoa 32922 United States,Magan.Schoch@mypio.com,5531469438535335
Mrs,Jeovany,Johansson,Viale Sabotino 19 Apt. 2D Milan 20135 Italy,Jeovany.Johansson@mypio.com,5503257544552239
Mrs,Aldair,Kolar,135 Rue du Faubourg Saint-Honoré Apartment #502G Paris 75008 France,Aldair.Kolar@mypio.com,4603400945651
Dr,Ab,Borg,601 Dolores Street Unit #12B San Francisco 94110 United States,Ab.Borg@mypio.com,2228890436197603
Mr,Riki,Stapp,3427 Benson Park Drive Apt. 1A Miami Beach 33139 United States,Riki.Stapp@mypio.com,374678292549238
Mrs,Giovani,Gorrell,2344 Green Hill Road Apt. 3C Houston 77002 United States,Giovani.Gorrell@mypio.com,4587487528088
Mrs,Aryn,Crystal,2876 Patterson Street Apt. 2B New York 10001 United States,Aryn.Crystal@mypio.com,4546705639746
Dr,Jenah,Lafreniere,Carrer de la Llibertat 47 Apt. 1A Barcelona 8012 Spain,Jenah.Lafreniere@mypio.com,376046309581984
Dr,Asya,Morrison,233 Wilshire Boulevard Lot #21 Santa Monica 90401 United States,Asya.Morrison@mypio.com,379738302647642
Dr,Dayna,Gauna,1632 Layman Court Apt. 3B Rockville 20850 United States,Dayna.Gauna@mypio.com,379327066522253
Dr,Jestine,Rustin,3123 Cherry Ridge Drive Apt. 3B Henderson 42420 United States,Jestine.Rustin@mypio.com,4762258265735
Mr,Cara,Lipari,Piazza Castello Floor #5 Milan 20121 Italy,Cara.Lipari@mypio.com,5542185790625139
Dr,Hilaria,Moffett,45 Willow Road Apt. 3B London W11 1QT United Kingdom,Hilaria.Moffett@mypio.com,5215446699366442
Mrs,Juanluis,Ballance,134 via del Corso Room #305A Rome 186 Italy,Juanluis.Ballance@mypio.com,4670751431405360
Mrs,Chalon,Schneck,4935 Bluff Street Apt. 2C Boulder 80302 United States,Chalon.Schneck@mypio.com,2720199111077590
Mr,Zev,Hoerner,2972 Traction Street Apt. 1A Los Angeles 90033 United States,Zev.Hoerner@mypio.com,4658353123501462
Mrs,Amberlee,Giannini,Kurfürstendamm 218 Apt. 1A Berlin 10719 Germany,Amberlee.Giannini@mypio.com,4149151846881
Mrs,Laakea,Householder,60 Bloor Street West Office #304 Toronto M4W 3B8 Canada,Laakea.Householder@mypio.com,5587927505709841
Mr,Shanaya,Bae,201 Folsom Street Apt 22B San Francisco 94105 United States,Shanaya.Bae@mypio.com,342830288507782
Mrs,Jakari,Nice,1348 May Street Apt. 2D Louisville 40202 United States,Jakari.Nice@mypio.com,348795942449416
Mr,Ezra,Batiste,2-1-1 Marunouchi Shop #9B Tokyo 100-8201 Japan,Ezra.Batiste@mypio.com,4049785948282
Mr,Demarrio,Forbis,Bismarckstr. 10 Basement Office Bonn 53113 Germany,Demarrio.Forbis@mypio.com,2332246858704818
Mr,Shavonne,Groh,Rua Sete de Setembro 50 Apt. 3C Rio de Janeiro 20050-002 Brazil,Shavonne.Groh@mypio.com,4490340480365351
Dr,Boyce,Reaveley,650 Divisadero Street Shop #7C San Francisco 94117 United States,Boyce.Reaveley@mypio.com,4263599532575
Mr,Kaileigh,Rockett,601 Dolores Street Unit #12B San Francisco 94110 United States,Kaileigh.Rockett@mypio.com,2280661559228367
Mrs,Ed,Vess,3126 Grey Fox Farm Road Apt. 3C Henderson 42420 United States,Ed.Vess@mypio.com,5168877948996813
Dr,Olympia,Bittlestone,Via di Santa Maria dell'Anima 30 Apt. 2D Rome 186 Italy,Olympia.Bittlestone@mypio.com,5331236567923649
Mr,Tajanae,Causier,3182 Benson Park Drive Apt. 3B Houston 77002 United States,Tajanae.Causier@mypio.com,379864299520090
Mr,Krysta,Okelley,345 Bloor Street East Suite 1001 Toronto M4W 3J6 Canada,Krysta.Okelley@mypio.com,373396393240820
Mr,Isaura,Poff,16 Kudamm Karree Floor #9 Berlin 10719 Germany,Isaura.Poff@mypio.com,4169518279590
Mrs,Lakeya,Sherer,Rue Saint-Martin 15 Apt. 2D Paris 75004 France,Lakeya.Sherer@mypio.com,4454221213414872
Mr,Dawnmarie,Avendano,1504 Raccoon Run Apt. 3B Grand Island 68803 United States,Dawnmarie.Avendano@mypio.com,4428772393587
Mr,Kenyana,Dew,3001 Pacific Avenue Shop #4 San Francisco 94115 United States,Kenyana.Dew@mypio.com,374850800991195
Mrs,Edgard,Woodcock,3835 Terry Lane Apt. 2D Washington 20001 United States,Edgard.Woodcock@mypio.com,344233659919962
Mr,Naisha,Cripps,4736 Eagle Street Unit #8B Alpena 49707 United States,Naisha.Cripps@mypio.com,4082589814266443
Dr,Breiana,Nicolai,Götgatan 10 Apt. 2D Stockholm 118 46 Sweden,Breiana.Nicolai@mypio.com,5495204271451572
Mrs,Shandricka,Cousino,Carrer de Balmes 26 Apt. 1A Barcelona 8007 Spain,Shandricka.Cousino@mypio.com,5557640760160343
Mr,Ladaisha,Reckus,16 Carlton House Terrace Office #301 London SW1Y 5AG UK,Ladaisha.Reckus@mypio.com,377333023122533
Mr,San,Rosenzweig,1656 Lena Lane Apt. 2D New York 10007 United States,San.Rosenzweig@mypio.com,4681384733586
Mr,Laurena,Hazen,1406 Hickman Street Apt. 1A Louisville 40202 United States,Laurena.Hazen@mypio.com,4224761263350
Mrs,Izabella,Neuhaus,345 Bloor Street East Suite 1001 Toronto M4W 3J6 Canada,Izabella.Neuhaus@mypio.com,4491478893219491
Mr,Jenyfer,Shreve,Via di Santa Maria dell'Anima 30 Apt. 2D Rome 186 Italy,Jenyfer.Shreve@mypio.com,5386217333106019
Dr,Aneesa,Stever,1-1 Nijubashimae-cho Upper Level Suite #5B Tokyo 102-8578 Japan,Aneesa.Stever@mypio.com,5592594598163587
Mrs,Rebecah,Millen,153 Avenue des Champs-Élysées Suite 1201 Paris 75008 France,Rebecah.Millen@mypio.com,4817013009122
Mr,Marriah,Lamont,201 Folsom Street Apt 22B San Francisco 94105 United States,Marriah.Lamont@mypio.com,4011277304316
Dr,Aleta,Thomas,15 Via Paolo Sarpi Building #6 Milan 20154 Italy,Aleta.Thomas@mypio.com,2269824946415507
Mrs,Janasia,Cespedes,2403 Raccoon Run Upper Level Room #2B Fort Collins 80525 United States,Janasia.Cespedes@mypio.com,4154582301141
Mr,Evelyne,Janson,4717 Roosevelt Street Apt. 2D New York 10007 United States,Evelyne.Janson@mypio.com,5142574844670397
Mr,Stacey,Carrera,1504 Raccoon Run Apt. 3B Grand Island 68803 United States,Stacey.Carrera@mypio.com,2390795985584260
Mr,Nicoletta,Bryner,4935 Bluff Street Apt. 2C Boulder 80302 United States,Nicoletta.Bryner@mypio.com,5365100082576479
Mr,Jacklynn,Saltzman,2849 Brown Street Apt. 2D Houston 77002 United States,Jacklynn.Saltzman@mypio.com,5537439902532949
Mr,Rupert,Mahon,Övre HUnited Statesrgatan 3 Apt. 3B Gothenburg 411 22 Sweden,Rupert.Mahon@mypio.com,4737005205420740
Mr,Marigny,Sroka,29 rue de Lille Suite 51 Paris 75007 France,Marigny.Sroka@mypio.com,2224645435956611
Mrs,Unnamed,Oestreich,48 West Street Building #8 London E18 2PR United Kingdom,Unnamed.Oestreich@mypio.com,5200697168490993
Mr,Vikki,Petrie,1732 Poplar Street Apt. 2B New York 10001 United States,Vikki.Petrie@mypio.com,4972883286378249
Mr,Hattie,Abril,2 Piazza di Spagna Basement Suite #3 Rome 187 Italy,Hattie.Abril@mypio.com,375097850251382
Mrs,Krystle,Parrett,Calle Ciega con Calle Guaicaipuro Apt. 1A Caracas 1060 Venezuela,Krystle.Parrett@mypio.com,4435435724874282
Dr,Bryson,Arguelles,Viale Giuseppe Mazzini 2 Apt. 1A Milan 20123 Italy,Bryson.Arguelles@mypio.com,346242781004852
Mrs,Brennan,Quesada,Calle 82 #12-34 Apt. 3B Bogotá 110221 Colombia,Brennan.Quesada@mypio.com,4815678974698621
Mrs,Lindley,Harvell,2533 Brooklyn Street Apt. 2D Pittsburgh 15201 United States,Lindley.Harvell@mypio.com,2710982790063657
Mrs,Twila,Calhoun,2575 Godfrey Street Apt. 1A Chicago 60601 United States,Twila.Calhoun@mypio.com,4666598497863
Mr,Chantell,Ramos,Ul. Grivtsova 7A Apt. 3C Kiev 3142 Ukraine,Chantell.Ramos@mypio.com,4313087362061743
Mr,Mariann,Toy,1055 Wilshire Boulevard Suite 1200 Los Angeles 90017 United States,Mariann.Toy@mypio.com,2228870533738231
Mr,Khanh,Trost,45 Willow Road Apt. 3B London W11 1QT United Kingdom,Khanh.Trost@mypio.com,2720799855786508
Mrs,Tiffeny,Cupp,22 Murray Street Room #505C New York 10007 United States,Tiffeny.Cupp@mypio.com,4691659879977
Mrs,Fotini,Biggerstaff,Rua Paul Redfern 48 Apt. 2D Rio de Janeiro 22410-080 Brazil,Fotini.Biggerstaff@mypio.com,2230705368526946
Mr,Sarra,Silvestri,3352 California Street Apt. 3C San Francisco 94108 United States,Sarra.Silvestri@mypio.com,2720510699796692
Mrs,Hiroshi,Barthel,Praça São João Bosco 153 Apt. 2D São Paulo 04036-070 Brazil,Hiroshi.Barthel@mypio.com,2222980101416678
Dr,Johnathen,Trang,5 Place Vendôme Lot #20 Paris 75001 France,Johnathen.Trang@mypio.com,4752134701864
Mrs,Lakyn,Metcalf,135 Rue du Faubourg Saint-Honoré Office #303 Paris 75008 France,Lakyn.Metcalf@mypio.com,4343656757951
Mrs,Ludwig,Fairfield,60 Bloor Street West Office #304 Toronto M4W 3B8 Canada,Ludwig.Fairfield@mypio.com,2230138057138916
Mr,Britny,Marte,2849 Brown Street Apt. 2D Houston 77002 United States,Britny.Marte@mypio.com,5503941892071034
Dr,Veronique,Mancha,Viale Giuseppe Mazzini 2 Apt. 1A Milan 20123 Italy,Veronique.Mancha@mypio.com,378433946993871
Dr,Kaylin,Wilks,2-1-1 Marunouchi Shop #9B Tokyo 100-8201 Japan,Kaylin.Wilks@mypio.com,379920228257123
Mrs,Afiya,Carstens,1504 Raccoon Run Apt. 3B Grand Island 68803 United States,Afiya.Carstens@mypio.com,5253999577884854
Mr,Trapper,Navarrette,2221 Yonge Street Basement Suite #2 Toronto M4S 2B4 Canada,Trapper.Navarrette@mypio.com,2225092839221143
Dr,Kile,Penton,2352 Stone Lane Apt. 2D Irving 75038 United States,Kile.Penton@mypio.com,4238596670936798
Mr,Stefany,Graziano,Rue du Fort 60 Apt. 3B Brussels 1060 Belgium,Stefany.Graziano@mypio.com,2720318192518366
Mrs,Brigham,Bolin,10 Downing Street Level #3 London SW1A 2AB UK,Brigham.Bolin@mypio.com,377437950436614
Mrs,Kristina,Mcpeek,Calle 49 No. 15-27 Apt. 2D Bogotá 110231 Colombia,Kristina.Mcpeek@mypio.com,348605539835833
Mr,Eliseo,Hoang,1264 Jett Lane Lot #9A Milledgeville 31061 United States,Eliseo.Hoang@mypio.com,2720993704853145
Mrs,Darbie,Dillman,77 North Washington Street Office #302 Boston 2114 United States,Darbie.Dillman@mypio.com,5270337605007165
Mr,Ashlin,Kinslow,Rua Guajajaras 581 Apt. 1A Belo Horizonte 30180-100 Brazil,Ashlin.Kinslow@mypio.com,5557628658330874
Dr,Nathan,Lovell,4244 Shinn Avenue Apt. 2D Shreveport 71109 United States,Nathan.Lovell@mypio.com,370405446410376
Mrs,Kristi,Berkowitz,Calle 49 No. 15-27 Apt. 2D Bogotá 110231 Colombia,Kristi.Berkowitz@mypio.com,371861961792071
Dr,Herber,Rasberry,220 Central Park South Unit 5B New York 10036 United States,Herber.Rasberry@mypio.com,344796085286143
Mr,Axcel,Stange,410 Florida Street Shop #7B San Francisco 94110 United States,Axcel.Stange@mypio.com,4364289567658
Mrs,Jenne,Chinchilla,1656 Lena Lane Apt. 2D New York 10007 United States,Jenne.Chinchilla@mypio.com,4723183370814
Mrs,Marquize,Pride,Rua Paul Redfern 48 Apt. 2D Rio de Janeiro 22410-080 Brazil,Marquize.Pride@mypio.com,5223646598506586
Mr,Annessa,Tien,1054 Oakwood Circle Apt. 2D Philadelphia 19107 United States,Annessa.Tien@mypio.com,4432369422338
Mr,Mariade,Tolson,1726 Highland Drive Apt. 2D New York 10012 United States,Mariade.Tolson@mypio.com,5288544366424693
Mr,Nayara,Dimond,100 Montgomery Street Suite 1500 San Francisco 94104 United States,Nayara.Dimond@mypio.com,379759223246780
Mrs,Marques,Bruce,4288 Cherry Ridge Drive Apt. 3C Henderson 42420 United States,Marques.Bruce@mypio.com,2436422213195622
Mr,Mareena,Loftis,Rua Paul Redfern 48 Apt. 2D Rio de Janeiro 22410-080 Brazil,Mareena.Loftis@mypio.com,5264556805303475
Dr,Emil,Milano,Götgatan 10 Apt. 2D Stockholm 118 46 Sweden,Emil.Milano@mypio.com,4478764180611
Mrs,Rabia,Shipp,1430 Broadway Floor #8 New York 10018 United States,Rabia.Shipp@mypio.com,4882091433019744
Mrs,Mariadel,Copins,1 Buckingham Palace Road Suite 105 London SW1W 0RH UK,Mariadel.Copins@mypio.com,376097394995701
Mr,Dezhon,Keener,Glyptoteket 5 Apt. 3C Copenhagen 1577 Denmark,Dezhon.Keener@mypio.com,4728799402610
Mr,Shelbi,Camacho,3432 Brannon Avenue Apt. 2D Jackson 39201 United States,Shelbi.Camacho@mypio.com,5351213613818076
Dr,Mattie,Bussell,4748 Maryland Avenue Apt. 1A Baltimore 21201 United States,Mattie.Bussell@mypio.com,372089975304066
Mrs,Shaunna,Boone,45 West 54th Street Room #301A New York 10019 United States,Shaunna.Boone@mypio.com,4477062625553714
Mrs,Shaneequa,Shealy,100 Montgomery Street Suite 1500 San Francisco 94104 United States,Shaneequa.Shealy@mypio.com,372702572541818
Mrs,Solmayra,Nordstrom,Avinguda del Paraŀlel 164 Shop #5A Barcelona 8015 Spain,Solmayra.Nordstrom@mypio.com,4393693416248
Mr,Jorell,Fraga,720 Market Street Suite 1202 San Francisco 94102 United States,Jorell.Fraga@mypio.com,5516188862752448
Mr,Scarlett,Ono,10 Downing Street Shop #7B London SW1A 2AA UK,Scarlett.Ono@mypio.com,374006759538681
Mr,Shelagh,Yoder,720 Market Street Suite 1202 San Francisco 94102 United States,Shelagh.Yoder@mypio.com,2714775661467118
Mrs,Tyshae,Meneses,Rúa da Paz 68 Apt. 1A Santiago de Compostela 15702 Spain,Tyshae.Meneses@mypio.com,5464643121547016
Mr,Lex,Sheriff,3126 Grey Fox Farm Road Apt. 3C Henderson 42420 United States,Lex.Sheriff@mypio.com,5248914185103284
Mrs,Cate,Hoover,345 Bloor Street East Suite 1001 Toronto M4W 3J6 Canada,Cate.Hoover@mypio.com,2445905869893549
Mrs,Shefali,Pickle,Piazza Castello Floor #5 Milan 20121 Italy,Shefali.Pickle@mypio.com,5334731922416621
Mrs,Tiasia,Lagrange,Wollzeile 4 Lot #4D Vienna 1010 Austria,Tiasia.Lagrange@mypio.com,371901111293395
Mr,Dade,Reding,29 rue de Lille Suite 51 Paris 75007 France,Dade.Reding@mypio.com,2240468673381729
Mr,Evelio,Middlebrook,220 Central Park South Unit 5B New York 10036 United States,Evelio.Middlebrook@mypio.com,5585951892081282
Mr,Freedom,Young,Rue de Rivoli 6 Apt. 2D Paris 75001 France,Freedom.Young@mypio.com,4961408323504
Mr,Eriko,Tait,Rue du Faubourg Saint-Antoine 114 Apt. 2D Paris 75012 France,Eriko.Tait@mypio.com,2380271452084013
Mr,Sharhonda,Haven,Lützowplatz 17 Apt. 1A Berlin 10785 Germany,Sharhonda.Haven@mypio.com,4323772591044138
Mr,Josemaria,Reinke,16 Yonge Street Suite 1201 Toronto M5E 2A1 Canada,Josemaria.Reinke@mypio.com,341877445971299
Mr,Jenessa,Kimber,Rathausplatz 1 Basement Shop Vienna 1010 Austria,Jenessa.Kimber@mypio.com,5377139706202073
Mr,Selena,Wiggins,Rua Antônio Carlos 415 Apt. 2D São Paulo 01309-010 Brazil,Selena.Wiggins@mypio.com,4873411270985
Mrs,Shaye,Salvo,Rue de Rivoli 6 Apt. 2D Paris 75001 France,Shaye.Salvo@mypio.com,5324085054696620
Mrs,Lenise,Lucius,Largo do Chiado 8 Apt. 1A Lisbon 1200-108 Portugal,Lenise.Lucius@mypio.com,4109546652979760
Dr,Natashia,Tingley,1168 Folsom Street Apartment #502T San Francisco 94103 United States,Natashia.Tingley@mypio.com,343994290454794
Mrs,Lexis,Fischbach,1504 Raccoon Run Apt. 3B Grand Island 68803 United States,Lexis.Fischbach@mypio.com,371762234548195
Mr,Aayush,Greenleaf,Jl. Jendral Sudirman No.Kav 52-53 Apt. 3B Jakarta 12190 Indonesia,Aayush.Greenleaf@mypio.com,4777322551308
Dr,Jestin,Fulmer,4256 Brooklyn Street Apt. 3C Pittsburgh 15201 United States,Jestin.Fulmer@mypio.com,4950251235095368
Mr,Ervin,Harley,1430 Broadway Lot #23 New York 10018 United States,Ervin.Harley@mypio.com,2228738789430213
Dr,Aireanna,Haman,2615 Cambridge Drive Apt. 3C Washington 20001 United States,Aireanna.Haman@mypio.com,375214247809550
Mr,Oliverio,Wimpeney,2536 Fleming Street Apt. 1B Miami 33140 United States,Oliverio.Wimpeney@mypio.com,2705003435643579
Mrs,Jennine,Wirth,16 Kudamm Karree Floor #9 Berlin 10719 Germany,Jennine.Wirth@mypio.com,4606486639275088
Dr,Kerline,Mcreynolds,721 5th Avenue Suite 1004 New York 10022 United States,Kerline.Mcreynolds@mypio.com,5137578441800121
Mr,Martel,Whitehead,1861 Maryland Avenue Apt. 2D Baltimore 21201 United States,Martel.Whitehead@mypio.com,4578683502576
Mrs,Aquil,Snook,1632 Layman Court Apt. 3B Rockville 20850 United States,Aquil.Snook@mypio.com,4665838511818
Dr,Jay,Bias,Via Palermo 17 Apt. 2D Milan 20121 Italy,Jay.Bias@mypio.com,2222417259130679
Dr,Ivania,Tsao,Calle Calzada Larga 315 Apt. 2D Guadalajara 44110 Mexico,Ivania.Tsao@mypio.com,2485162084352914
Mrs,Laree,Grimmett,Rua do Catete 311 Apt. 3B Rio de Janeiro 22220-001 Brazil,Laree.Grimmett@mypio.com,4659513632004
Mr,Thad,Vanorden,1073 Elmwood Avenue Apt 202 Philadelphia 19108 United States,Thad.Vanorden@mypio.com,4059596909430474
Mrs,Leeanna,Alvarado,Viale Sabotino 19 Apt. 2D Milan 20135 Italy,Leeanna.Alvarado@mypio.com,4374453502111913
Mr,Bryan,Sergent,Königsallee 60 Apt. 3C Düsseldorf 40212 Germany,Bryan.Sergent@mypio.com,340378172077267
Dr,Martika,Whitton,14 Rue du Temple Apt. 2D Paris 75004 France,Martika.Whitton@mypio.com,4912514208874454
Mr,Tasneem,Burnside,Rue Saint-Louis en l'Île 32 Apt. 3C Paris 75004 France,Tasneem.Burnside@mypio.com,4530574447637
Mrs,Shemeeka,Clayton,Kungsportsavenyn 24 Apt. 3C Gothenburg 411 36 Sweden,Shemeeka.Clayton@mypio.com,4202711806790492
Mrs,Sherene,Kucera,Largo do Chiado 8 Apt. 1A Lisbon 1200-108 Portugal,Sherene.Kucera@mypio.com,379083406540757
Dr,Shanette,Perry,1888 Glenwood Avenue Floor #7 Cocoa 32922 United States,Shanette.Perry@mypio.com,5267924129595221
Mr,Shamekia,Desir,Rua Paul Redfern 48 Apt. 2D Rio de Janeiro 22410-080 Brazil,Shamekia.Desir@mypio.com,2221698224258355
Mrs,Zitlali,Yanson,1888 Glenwood Avenue Floor #7 Cocoa 32922 United States,Zitlali.Yanson@mypio.com,4278959734554
Mrs,Jamarco,Branch,4802 Hillcrest Lane Apt. 2D Miami Beach 33139 United States,Jamarco.Branch@mypio.com,4799372600955
Mr,Narek,Spurlock,3669 Brooklyn Street Apt. 2D Pittsburgh 15201 United States,Narek.Spurlock@mypio.com,373270087104359
Mrs,Leeza,Killion,1264 Jett Lane Lot #9A Milledgeville 31061 United States,Leeza.Killion@mypio.com,2288830413819136
Dr,Shanie,Dinsdale,5 Place Vendôme Lot #20 Paris 75001 France,Shanie.Dinsdale@mypio.com,4197920139948
Dr,Mariatheresa,Gamblin,Calle 49 No. 15-27 Apt. 2D Bogotá 110231 Colombia,Mariatheresa.Gamblin@mypio.com,4529489444838
Mr,Tahnee,Clewlow,Mühlenstraße 23 Apt. 2D Berlin 10243 Germany,Tahnee.Clewlow@mypio.com,2704647027711018
Mr,Larhonda,Hittle,10 Downing Street Unit 5G London SW1A 2AA UK,Larhonda.Hittle@mypio.com,2710938038980391
Mrs,Isaiha,Dresser,Rua Jardim Botânico 674 Apt. 2D Rio de Janeiro 22461-000 Brazil,Isaiha.Dresser@mypio.com,4186066560272274
Mrs,Lateefah,Branam,1504 Raccoon Run Apt. 3B Grand Island 68803 United States,Lateefah.Branam@mypio.com,2224423951121625
Mr,Lan,Nash,1792 Virginia Street Apt. 2B New York 10001 United States,Lan.Nash@mypio.com,4387339650726
Mrs,Anijah,Moon,Paseo de la Reforma 222 Apt. 2D Mexico City 6500 Mexico,Anijah.Moon@mypio.com,5207292388628911
Dr,Lizzette,Meredith,Rue de la Colline 23 Basement Suite #2 Brussels 1000 Belgium,Lizzette.Meredith@mypio.com,4779273964442
Mr,Harleigh,Proulx,Boulevard Haussmann 22 Apt. 1A Paris 75009 France,Harleigh.Proulx@mypio.com,349623026412183
Mr,Mayraalejandra,Liska,3001 Pacific Avenue Shop #4 San Francisco 94115 United States,Mayraalejandra.Liska@mypio.com,4451224341538
Mrs,Maliek,Veal,2425 Clay Street Apt. 2D Oakland 94612 United States,Maliek.Veal@mypio.com,4847974597103883
Dr,Kaarin,Drysdale,G. Washington 3 Unit #11B Budapest 1900 Hungary,Kaarin.Drysdale@mypio.com,5483129915466078
Dr,Mordechai,Metzger,16 Yonge Street Suite 1201 Toronto M5E 2A1 Canada,Mordechai.Metzger@mypio.com,374413078666382
Mrs,Alania,Hutto,2352 Stone Lane Apt. 2D Irving 75038 United States,Alania.Hutto@mypio.com,4444523764263
Mr,Destanee,Trautman,4717 Roosevelt Street Apt. 2D New York 10007 United States,Destanee.Trautman@mypio.com,2287044865159302
Mr,Hattie,Unger,650 Divisadero Street Suite 1003 San Francisco 94117 United States,Hattie.Unger@mypio.com,4998283425618501
Dr,Jarrod,Braun,100 Montgomery Street Suite 1500 San Francisco 94104 United States,Jarrod.Braun@mypio.com,4491377193271
Mr,Nolan,Gatewood,16 W 61st St Suite 2E New York 10023 United States,Nolan.Gatewood@mypio.com,4868553093969727
Mr,Kathlyn,Scannell,721 5th Avenue Shop #7G New York 10022 United States,Kathlyn.Scannell@mypio.com,5522585607158725
Mr,Claude,Recker,16 Yonge Street Suite 1201 Toronto M5E 2A1 Canada,Claude.Recker@mypio.com,4467694274258
Mrs,Blase,Wait,Via Gregorio VII 80 Apt. 1A Rome 165 Italy,Blase.Wait@mypio.com,4886894758381
Mr,Aoife,Ostrom,2626 Davis Lane Lot #11C Evart 49631 United States,Aoife.Ostrom@mypio.com,4486146686943909
Dr,Shunta,Hise,634 Waterview Lane Suite #701C Indian Rocks Beach 33785 United States,Shunta.Hise@mypio.com,2222289703099708
Mr,Dyana,Custer,410 Florida Street Shop #7B San Francisco 94110 United States,Dyana.Custer@mypio.com,2282952875617663
Dr,Mekenna,Demott,Largo do Chiado 8 Apt. 1A Lisbon 1200-108 Portugal,Mekenna.Demott@mypio.com,2337210855099485
Mrs,Fritzi,Secor,2-5-5 Marunouchi Office #508 Tokyo 100-7001 Japan,Fritzi.Secor@mypio.com,377790533651745
Mrs,Sherrica,Swilley,Boulevard de la Villette 41 Apt. 1A Paris 75010 France,Sherrica.Swilley@mypio.com,4248395450918560
Mrs,Dariana,Brundage,Talatpaşa Cd. 52/1 Upper Level Room #3D Istanbul 34367 Turkey,Dariana.Brundage@mypio.com,2720759502359379
Mr,Jeanne,Widner,100 Montgomery Street Suite 1500 San Francisco 94104 United States,Jeanne.Widner@mypio.com,5170547317598986
Mr,Janitza,Savala,Via Palermo 17 Apt. 2D Milan 20121 Italy,Janitza.Savala@mypio.com,349336072614516
Mr,Felton,Farnsworth,650 Divisadero Street Shop #7C San Francisco 94117 United States,Felton.Farnsworth@mypio.com,348002251707745
Mr,Destiny,Spraggs,3821 Benson Park Drive Apt. 1A Irving 75038 United States,Destiny.Spraggs@mypio.com,4848343015711
Mr,Ileana,Janke,Rua do Catete 311 Apt. 3B Rio de Janeiro 22220-001 Brazil,Ileana.Janke@mypio.com,4662226212008945
Dr,Adryanna,Hensler,6227 Sunset Drive Apt. 2C New York 10016 United States,Adryanna.Hensler@mypio.com,2720588395440817
Dr,Vikram,Chick,233 Wilshire Boulevard Basement Apartment Santa Monica 90401 United States,Vikram.Chick@mypio.com,4351471618630
Dr,Deleon,Rockwood,3427 Benson Park Drive Apt. 1A Miami Beach 33139 United States,Deleon.Rockwood@mypio.com,371979111801932
Mr,Krystin,Burnett,7701 Beverly Boulevard Suite 104 Los Angeles 90036 United States,Krystin.Burnett@mypio.com,4222211383032
Mr,Sukhman,Kisner,Rathausplatz 1 Basement Shop Vienna 1010 Austria,Sukhman.Kisner@mypio.com,2702853085961598
Dr,Kattie,Breneman,2626 Davis Lane Lot #11C Evart 49631 United States,Kattie.Breneman@mypio.com,4862001962333355
Mrs,Andreana,Tester,3491 Monroe Avenue Apt. 2D San Francisco 94108 United States,Andreana.Tester@mypio.com,2276347012788640
Mr,Darwin,Eckenrode,220 Central Park South Unit 5B New York 10036 United States,Darwin.Eckenrode@mypio.com,375349582121052
Mr,Stratton,Gall,1390 California Street Apt 14 Beverly Hills 90210 United States,Stratton.Gall@mypio.com,4947114931603216
Dr,Darriel,Bednar,1010 Wisconsin Avenue NW Suite 250 Washington 20007 United States,Darriel.Bednar@mypio.com,379950065187181
Dr,Russ,Timberlake,Piazza Castello Floor #5 Milan 20121 Italy,Russ.Timberlake@mypio.com,2703842694000934
Mr,Maurisio,Truett,15 Via Paolo Sarpi Building #6 Milan 20154 Italy,Maurisio.Truett@mypio.com,4698767576254622
Mrs,Alexandr,Brackin,4768 Tennessee Avenue Apt. 2D Pittsburgh 15201 United States,Alexandr.Brackin@mypio.com,4635318610762196
Mrs,Sho,Headley,410 Florida Street Unit 59 San Francisco 94110 United States,Sho.Headley@mypio.com,375510313995827
Mrs,Vittorio,Storch,601 Dolores Street Unit #12B San Francisco 94110 United States,Vittorio.Storch@mypio.com,2709550994237711
Mr,Eleno,Lehr,2702 Farland Street Apt. 1A New York 10007 United States,Eleno.Lehr@mypio.com,4814111608818669
Mr,Tara,Younce,Rue de la Station 39 Apt. 1A Brussels 1080 Belgium,Tara.Younce@mypio.com,2267289732192737
Dr,Samari,Mullen,Viale Giuseppe Mazzini 2 Apt. 1A Milan 20123 Italy,Samari.Mullen@mypio.com,4499113425028
Dr,Lyn,Lesniak,2488 Camden Street Apartment #301B Saint Petersburg 33710 United States,Lyn.Lesniak@mypio.com,4385336206673
Mr,Gricelda,Abram,2702 Farland Street Apt. 1A New York 10007 United States,Gricelda.Abram@mypio.com,4542100890502736
Mr,Rashan,Kalman,Calle 82 #12-34 Apt. 3B Bogotá 110221 Colombia,Rashan.Kalman@mypio.com,2720918694766578
Mr,Tequilla,Contreras,Lange Gasthuisstraat 25 Apt. 1A Antwerp 2000 Belgium,Tequilla.Contreras@mypio.com,5393632463040212
Mr,Yoel,Trexler,Avenida Carlos Gomes 1139 Apt. 1A Porto Alegre 90480-003 Brazil,Yoel.Trexler@mypio.com,5582565686886304
Mrs,Austin,Andreasen,1861 Maryland Avenue Apt. 2D Baltimore 21201 United States,Austin.Andreasen@mypio.com,5185198254169539
Mrs,Brooklynne,Calabrese,2221 Yonge Street Apt 2253F Toronto M4S 2B4 Canada,Brooklynne.Calabrese@mypio.com,4229488541580
Mr,Genelle,Spano,Paseo de la Castellana 28 Apt. 2D Madrid 28046 Spain,Genelle.Spano@mypio.com,4372268573453
Mr,Najia,Middendorf,1504 Raccoon Run Apt. 3B Grand Island 68803 United States,Najia.Middendorf@mypio.com,4903471583673787
Mrs,Ryan,Spates,123 Main Street Apt. 1 New York NY 10001 United States,Ryan.Spates@mypio.com,348806669377799
Mr,Traquan,Talarico,1007 Rockford Road Apt. 3C Henderson 42420 United States,Traquan.Talarico@mypio.com,5348658816013854
Dr,Corina,Groth,Lange Voorhout 34 Apt. 3B The Hague 2514 EE Netherlands,Corina.Groth@mypio.com,4496055362354
Mrs,Brittnee,Cummings,3272 North Bend River Road Apt. 1A Chicago 60601 United States,Brittnee.Cummings@mypio.com,2720868848538445
Mrs,Sophal,Hallman,31 Rue des Petits Champs Unit #8C Paris 75001 France,Sophal.Hallman@mypio.com,378641528671095
Mr,Esteban,Flavin,1010 Wisconsin Avenue NW Suite 250 Washington 20007 United States,Esteban.Flavin@mypio.com,2257396188906668
Mrs,Shaquasha,Lentz,4242 Arizona Avenue Apt. 2D Miami Beach 33139 United States,Shaquasha.Lentz@mypio.com,4063213098881
Mr,Nicolett,Moten,1390 California Street Apt 14 Beverly Hills 90210 United States,Nicolett.Moten@mypio.com,2720652717524054
Mr,Kiona,Greatbanks,Wattstraße 11 Apt. 2D Berlin 13355 Germany,Kiona.Greatbanks@mypio.com,4966762129903135